House_count,ad_area,ad_name,ad_region,address,bank,build_area,build_category,build_count,decoration,delivery_time,developer,fang_url,features,floor_description,greening_rate,hospital,house_tag,img_list,land_area,mall,opening_time,parking_count,presale_permit,price_description,price_start,price_time,price_unit,project_description,property_category,property_company,property_costs,property_costs_description,property_years,sales_address,sales_status,school,show_price,traffic,volume_rate
,东湖高新区,康桥知园,,[三至四环]东湖高新区流芳路与富士康西路交汇处南行200米,,,,,,,,http://kangqiaozhiyuan2.fang.com/,,,,,,,,,,,,,,,,,普通住宅,,,,,,待售,,,,
,东湖高新区,和昌光谷未来城,,[二至三环]东湖高新区高新二路和光谷一路交汇处,,,,,,,,http://guangguweilaichenghc.fang.com/,"叠拼,山景地产",,,,,,,,,,,,,,,,普通住宅,,,,,,待售,,17000,,
,东湖高新区,绿地光谷中心城,,[三至四环]东湖高新区神墩三路与光谷五路交汇处（政务服务中心南300米）,,,,,,,,http://guangguzhongxinchengld.fang.com/,,,,,,,,,,,,,,,,,普通住宅,,,,,,待售,,价格待定,,
,东湖高新区,亿德光谷先锋,,[内至二环]东湖高新区SBI创业街关山派出所旁,,,,,,,,http://yideguangguxianfeng.fang.com/,,,,,,,,,,,,,,,,,商住公寓,,,,,,待售,,20000,,
,东湖高新区,国采光立方,,[三至四环]东湖高新区高新大道与光谷六路交汇处（东湖高新管委会东侧）,,,,,,,,http://guocaiguanglifang.fang.com/,花园洋房,,,,,,,,,,,,,,,,普通住宅,,,,,,在售,,30000,,
,东湖高新区,中建东湖锦城,,[二至三环]东湖高新区武汉市东湖高新区湖口二路与教育西路交汇处,,,,,,,,http://donghujinchengzj.fang.com/,,,,,,,,,,,,,,,,,普通住宅,,,,,,待售,,价格待定,,
,东湖高新区,保利时代,,[二至三环]东湖高新区关山大道332号(新竹路与关山大道交汇处),,,,,,,,http://baolishidai.fang.com/,品牌地产,,,,,,,,,,,,,,,,商住楼,,,,,,待售,,价格待定,,
,东湖高新区,中建光谷之星,,[三至四环]东湖高新区高新大道与光谷六路交汇处（东湖高新管委会东侧）,,,,,,,,http://guangguzhixingzj.fang.com/,地铁沿线,,,,,,,,,,,,,,,,商住楼,,,,,,待售,,价格待定,,
,东湖高新区,碧桂园生态城东境,,[三至四环]东湖高新区花山生态新城（花山大道与花城大道交汇处）,,,,,,,,http://dongjingshengtaichengbgy.fang.com/,"叠拼,品牌地产",,,,,,,,,,,,,,,,普通住宅,,,,,,待售,,价格待定,,
,东湖高新区,光谷坐标城九台,,[二至三环]东湖高新区关山大道与南湖大道交汇处（光谷天地旁）,,,,,,,,http://jiutaiggzbc.fang.com/,特色别墅,,,,,,,,,,,,,,,,别墅,,,,,,在售,,35000,,
,东湖高新区,,,[二至三环]东湖高新区关山大道与南湖大道交汇处（光谷天地旁）,,,,,,,,http://jiutaiggzbc.fang.com/,特色别墅,,,,,,,,,,,,,,,,别墅,,,,,,在售,,,,
,东湖高新区,光谷新界,,[三至四环]东湖高新区高新大道888号（高新大道与光谷七路交汇处）,,,,,,,,http://guangguxinjie.fang.com/,小户型,,,,,,,,,,,,,,,,普通住宅,,,,,,在售,,16000,,
,东湖高新区,联投佩尔创意SOHO,,[中环以外]东湖高新区光谷大道与流芳大道交汇处（湖北经济学院南侧）,,,,,,,,http://chuangyisoholtpe.fang.com/,,,,,,,,,,,,,,,,,总部园区,,,,,,在售,,5300,,
,东湖高新区,碧桂园生态城别墅,,[中环以外]东湖高新区花山生态新城严西湖大桥东侧桥头（花城大道与花山大道交汇处）,,,,,,,,http://shengtaichengbieshubgy.fang.com/,"低密居所,特色别墅",,,,,,,,,,,,,,,,别墅,,,,,,在售,,35000,,
,东湖高新区,国创光谷上城,,[二至三环]东湖高新区高新大道与教育中路交汇处（光谷九小旁）,,,,,,,,http://guanggushangchenggc.fang.com/,"花园洋房,地铁沿线",,,,,,,,,,,,,,,,普通住宅,,,,,,在售,,17500,,
,东湖高新区,金地天悦,,[二至三环]东湖高新区康泰路与荣院路交汇处（洪山高中旁）,,,,,,,,http://jinditianyue.fang.com/,,,,,,,,,,,,,,,,,普通住宅,,,,,,在售,,22000,,
,东湖高新区,天祥尚府博墅,,[中环以外]东湖高新区民族大道与庙山中路交汇处以西1公里（湿地公园旁）,,,,,,,,http://tianxiangshangfuboshu.fang.com/,,,,,,,,,,,,,,,,,别墅,,,,,,在售,,400,,
,东湖高新区,奥山光谷世纪城,,[中环以外]东湖高新区高新大道与驿山南路交汇处（光谷政务中心向东800米）,,,,,,,,http://guanggushijichengas.fang.com/,"品牌地产,低总价",,,,,,,,,,,,,,,,商住公寓,,,,,,在售,,16000,,
,东湖高新区,金地本座,,[二至中环]东湖高新区荣院路与康泰路交汇处（武汉工程大学对面）,,,,,,,,http://jindibenzuo.fang.com/,品牌地产,,,,,,,,,,,,,,,,商住公寓,,,,,,在售,,15500,,
,东湖高新区,创客广场,,[二至三环]东湖高新区雄楚大道958号,,,,,,,,http://chuangkeguangchang.fang.com/,,,,,,,,,,,,,,,,,商住公寓,,,,,,在售,,19000,,
,东湖高新区,清江山水,,[二至三环]东湖高新区光谷软件园中路10号（南湖大道与关山大道交汇处西行600米）,,,,,,,,http://qingjiangshanshui.fang.com/,经济住宅,,,,,,,,,,,,,,,,普通住宅,,,,,,待售,,价格待定,,
,洪山区,理公馆,,[内至二环]洪山区雄楚大道与工大路交汇处（武警总队西侧）,,,,,,,,http://ligongguan.fang.com/?from=xflist_xfgg,,,,,,,,,,,,,,,,,普通住宅,,,,,,在售,,27500,,
,洪山区,美好长江首玺,,[三至四环]洪山区青菱街丽水路与南郊路交汇处,,,,,,,,http://changjiangshouximh.fang.com/,"住宅底商,品牌地产",,,,,,,,,,,,,,,,普通住宅,,,,,,待售,,,,
,洪山区,首开&华侨城&金茂|东湖金茂府,,[二至三环]洪山区黄鹤路与明德路交汇处（杨春湖地铁站旁）,,,,,,,,http://donghujinmaofu.fang.com/,,,,,,,,,,,,,,,,,普通住宅,,,,,,待售,,价格待定,,
,洪山区,城投瀚城璞岸,,[二至三环]洪山区雄楚大道450号,,,,,,,,http://hanchengpuanct.fang.com/,叠拼,,,,,,,,,,,,,,,,普通住宅,,,,,,待售,,价格待定,,
,洪山区,南湖巴黎春天,,[中环以外]洪山区文化大道旁（世茂林屿岸旁）,,,,,,,,http://balichuntian027.fang.com/,,,,,,,,,,,,,,,,,普通住宅,,,,,,待售,,价格待定,,
,洪山区,保利新武昌,,[二至三环]洪山区烽胜路与八坦北路交汇处（张家湾社区旁）,,,,,,,,http://xinwuchangbl.fang.com/,,,,,,,,,,,,,,,,,普通住宅,,,,,,待售,,价格待定,,
,洪山区,金科城,,[二至三环]洪山区友谊大道和仁和路交汇处(地铁4号线仁和路附近),,,,,,,,http://jinkecheng027.fang.com/,,,,,,,,,,,,,,,,,普通住宅,,,,,,待售,,价格待定,,
,洪山区,万科主场,,[内至二环]洪山区华师南门旁（雄楚大道与桂元路交汇处）,,,,,,,,http://wankezhuchang.fang.com/,品牌地产,,,,,,,,,,,,,,,,普通住宅,,,,,,在售,,24200,,
,洪山区,鄂旅投书院世家,,[三至四环]洪山区白沙洲大道黄家湖大学城斜对面（绅宝大道武珞路小学分校旁）,,,,,,,,http://shuyuanshijiaelt.fang.com/,"花园洋房,低密居所",,,,,,,,,,,,,,,,普通住宅,,,,,,在售,,31000,,
,洪山区,万科金域学府,,[二至三环]洪山区雄楚大道华中师范大学体育学院旁,,,,,,,,http://jinyuxuefuwk027.fang.com/,,,,,,,,,,,,,,,,,普通住宅,,,,,,在售,,27000,,
,洪山区,,,[二至三环]洪山区雄楚大道华中师范大学体育学院旁,,,,,,,,http://jinyuxuefuwk027.fang.com/,,,,,,,,,,,,,,,,,普通住宅,,,,,,在售,,,,
,洪山区,清能清江锦城,,[二至中环]洪山区张家湾街烽胜路55号（烽胜路和白沙四路交汇处）,,,,,,,,http://qingjiangjinchengqn.fang.com/,"公园地产,地铁沿线",,,,,,,,,,,,,,,,普通住宅,,,,,,待售,,价格待定,,
,洪山区,保利上城,,[二至中环]洪山区白沙洲大道与江国路交汇处(青菱东路以西、江国路以南),,,,,,,,http://baolishangcheng027.fang.com/,品牌地产,,,,,,,,,,,,,,,,普通住宅,,,,,,待售,,价格待定,,
,洪山区,诺展星座,,[内至二环]洪山区才汇巷特1号（铁机路与二环线交汇处）,,,,,,,,http://nuozhanxingzuo.fang.com/,品牌地产,,,,,,,,,,,,,,,,普通住宅,,,,,,待售,,价格待定,,
,洪山区,香水湾,,[三至四环]洪山区白沙洲武汉科技大学正对面（白沙洲大道旁）,,,,,,,,http://xiangshuiwan027.fang.com/,,,,,,,,,,,,,,,,,普通住宅,,,,,,待售,,价格待定,,
,洪山区,东原乐见城,,[二至中环]洪山区恒安路李纸路地铁7号线板桥站向南200米（保利心语10区旁）,,,,,,,,http://lejianchengdy.fang.com/,,,,,,,,,,,,,,,,,普通住宅,,,,,,待售,,价格待定,,
,洪山区,世茂云锦玉海园,,[二至三环]洪山区白沙五路长征二路公交站旁,,,,,,,,http://yuhaiyuansmyj.fang.com/,品牌地产,,,,,,,,,,,,,,,,普通住宅,,,,,,待售,,价格待定,,
,洪山区,菁英城,,[二至三环]洪山区白沙洲大道与八坦路交汇处旁,,,,,,,,http://qingyingcheng.fang.com/1/,,,,,,,,,,,,,,,,,普通住宅,,,,,,待售,,价格待定,,
,洪山区,东原启城,,[二至三环]洪山区白沙五路与烽胜路交汇处,,,,,,,,http://dongyuanqicheng.fang.com/,,,,,,,,,,,,,,,,,普通住宅,,,,,,待售,,价格待定,,
,洪山区,新城阅璟台,,[三至四环]洪山区青菱乡建和村丽水路与南郊路交汇处（青菱街办事处附近）,,,,,,,,http://yuejingtaixc.fang.com/,"花园洋房,品牌地产",,,,,,,,,,,,,,,,普通住宅,,,,,,待售,,价格待定,,
,洪山区,保利大都会,,[二至三环]洪山区百年华师旁·洪山区雄楚大道与卓刀泉南路交汇处（卓刀泉广场旁）,,,,,,,,http://daduhuibl027.fang.com/,,,,,,,,,,,,,,,,,普通住宅,,,,,,待售,,价格待定,,
,江岸区,绿城武汉黄浦湾,,[内至二环]江岸区二七沿江商务区南片（江岸区中山大道与韦桑路交汇处）,,,,,,,,http://huangpuwanlc027.fang.com/,大平层,,,,,,,,,,,,,,,,普通住宅,,,,,,待售,,价格待定,,
,江岸区,百步亭现代城公寓,,[二至三环]江岸区解放大道与百步亭花园路交汇处（距离轻轨1号线丹水池站约300米）,,,,,,,,http://xiandaichengloftbbt.fang.com/,品牌地产,,,,,,,,,,,,,,,,商住公寓,,,,,,在售,,21000,,
,江岸区,碧桂园蜜柚,,[二至三环]江岸区和谐大道与金桥大道交汇处（地铁3号线市民之家旁）,,,,,,,,http://miyoubgy027.fang.com/,不限购,,,,,,,,,,,,,,,,商住楼,,,,,,在售,,16000,,
,江岸区,统建新干线,,[二至三环]江岸区解放大道轻轨1号线堤角站（堤角公园旁）,,,,,,,,http://xinganxiantj.fang.com/,,,,,,,,,,,,,,,,,普通住宅,,,,,,待售,,价格待定,,
,江岸区,盛景天地美寓,,[二至三环]江岸区发展大道567号（中胜国际旁）,,,,,,,,http://sjtdsjgg.fang.com/,,,,,,,,,,,,,,,,,普通住宅,,,,,,待售,,价格待定,,
,江岸区,华发外滩首府,,[内至二环]江岸区中山大道永泰路口（滨江苑旁）,,,,,,,,http://huafashoufu027.fang.com/,,,,,,,,,,,,,,,,,普通住宅,,,,,,待售,,价格待定,,
,江岸区,融创融公馆二期,,[二至三环]江岸区和谐大道以北（地铁6号线杨汊湖站约200米处）,,,,,,,,http://ronggongguanrc027.fang.com/2/,,,,,,,,,,,,,,,,,普通住宅,,,,,,待售,,价格待定,,
,江岸区,统建正江瓴,,[二至三环]江岸区解放大道轻轨1号线堤角站（堤角公园旁）,,,,,,,,http://zhengjianglingtj.fang.com/,品牌地产,,,,,,,,,,,,,,,,标准写字楼,,,,,,在售,,20000,,
,江岸区,鼎盛华城,,[二至三环]江岸区建设大道与兴业路交汇处（地铁3号线兴业路站）,,,,,,,,http://dingshenghuacheng.fang.com/,"现房,低密居所",,,,,,,,,,,,,,,,普通住宅,,,,,,在售,,300,,
,江岸区,华中国际广场,,[内至二环]江岸区黄孝河路与黄浦大街交汇处（竹叶山转盘麦当劳旁）,,,,,,,,http://huazhongguojiguangchang.fang.com/,,,,,,,,,,,,,,,,,商住公寓,,,,,,在售,,16500,,
,江岸区,,,[内至二环]江岸区黄孝河路与黄浦大街交汇处（竹叶山转盘麦当劳旁）,,,,,,,,http://huazhongguojiguangchang.fang.com/,,,,,,,,,,,,,,,,,商住公寓,,,,,,在售,,,,
,江岸区,富强天合熙园,,[二至三环]江岸区后湖大道与塔子湖西路交汇处（江岸区检察院旁）,,,,,,,,http://tianhexiyuanfq.fang.com/,,,,,,,,,,,,,,,,,商住楼,,,,,,在售,,13000,,
,江岸区,越秀星汇君泊越天地,,[二至三环]江岸区塔子湖东路与健美路交汇处（塔子湖体育中心旁）,,,,,,,,http://xinghuijunbockongjianyx.fang.com/,"低总价,小户型",,,,,,,,,,,,,,,,商住楼,,,,,,在售,,13000,,
,江岸区,幸福时代公寓,,[二至三环]江岸区百步亭花园路160-162号（百步亭世博园入口处）,,,,,,,,http://xingfushidaigongyu.fang.com/,"小户型,地铁沿线",,,,,,,,,,,,,,,,商住公寓,,,,,,在售,,19000,,
,江岸区,瑞云公馆,,[二至三环]江岸区金桥大道与正义路交汇处（正义路江岸区法院站）,,,,,,,,http://ruiyungongguan.fang.com/,,,,,,,,,,,,,,,,,商住楼,,,,,,在售,,20500,,
,江岸区,百步亭金桥汇,,[二至三环]江岸区金桥大道81号（绿色新都公交站）,,,,,,,,http://jinqiaohuibbt.fang.com/2/,地铁沿线,,,,,,,,,,,,,,,,普通住宅,,,,,,待售,,价格待定,,
,江岸区,幸福湾,,[二至三环]江岸区解放大道与堤边路交汇处(轻轨1号线滕子岗站),,,,,,,,http://xingfuwan027.fang.com/,,,,,,,,,,,,,,,,,普通住宅,,,,,,待售,,价格待定,,
,江岸区,汇悦天地,,[二至三环]江岸区塔子湖东路和健康街交汇处（市民之家旁）,,,,,,,,http://huiyuetiandi.fang.com/,"花园洋房,品牌地产",,,,,,,,,,,,,,,,普通住宅,,,,,,待售,,价格待定,,
,江岸区,佰昌公馆,,[二至三环]江岸区解放大道轻轨1号线堤角站（C出口）,,,,,,,,http://baichanggongguan.fang.com/,"品牌地产,地铁沿线",,,,,,,,,,,,,,,,普通住宅,,,,,,待售,,价格待定,,
,江岸区,绿地汉口中心,,[二至三环]江岸区金桥大道与华泰路交汇处（武汉市民之家南门）,,,,,,,,http://hankouzhongxinld.fang.com/,"标准写字楼,品牌地产",,,,,,,,,,,,,,,,普通住宅,,,,,,待售,,价格待定,,
,江岸区,名流世家,,[二至三环]江岸区兴业路与百步亭路交汇处（622路百步亭兴业路口站）,,,,,,,,http://mingliushijia2027.fang.com/,,,,,,,,,,,,,,,,,普通住宅,,,,,,待售,,价格待定,,
,东西湖区,融创观澜壹号,,[三至四环]东西湖区环湖路与新桥四路交汇处（向西200米）,,,,,,,,http://guanlanyihaorc.fang.com/,,,,,,,,,,,,,,,,,普通住宅,,,,,,待售,,,,
,东西湖区,百步亭长青壹号,,[三至四环]东西湖区常青花园中路11区东门（地铁2/6号线常青花园站）,,,,,,,,http://changqingyihao.fang.com/,,,,,,,,,,,,,,,,,普通住宅,,,,,,待售,,价格待定,,
,东西湖区,卧龙东方郡,,[三至四环]东西湖区金南一路（东方马城对面）,,,,,,,,http://dongfangjunwl.fang.com/,"品牌地产,地铁沿线",,,,,,,,,,,,,,,,普通住宅,,,,,,待售,,价格待定,,
,东西湖区,九坤新城壹号,,[三至四环]东西湖区临空港大道与三店西路交汇处（莲花湖小区旁）,,,,,,,,http://xinchengyihaojk.fang.com/,"地铁沿线,复合地产",,,,,,,,,,,,,,,,普通住宅,,,,,,在售,,11600,,
,东西湖区,文一云水湾,,[三至四环]东西湖区临空港大道与朝阳路交汇处（乾丰元酒店旁）,,,,,,,,http://yunshuiwanwy.fang.com/,,,,,,,,,,,,,,,,,普通住宅,,,,,,在售,,10800,,
,东西湖区,庭瑞新汉口,,[三至四环]东西湖区环湖中路与马池中路交汇处（汉口马池路轻工业大学旁）,,,,,,,,http://xinhankoutr.fang.com/,"商住公寓,品牌地产",,,,,,,,,,,,,,,,普通住宅,,,,,,在售,,13900,,
,东西湖区,白金壳子,,[三至四环]东西湖区宏图大道与银潭路交汇处（地铁2、3、8号线宏图大道站D出口）,,,,,,,,http://baijinkezi.fang.com/,地铁沿线,,,,,,,,,,,,,,,,商住楼,,,,,,在售,,15600,,
,东西湖区,宇济钦江苑,,[三至四环]东西湖区金山大道与新城十路交汇处,,,,,,,,http://qinjiangyuanyj.fang.com/,,,,,,,,,,,,,,,,,普通住宅,,,,,,在售,,10800,,
,东西湖区,恒大帝景,,[三至四环]东西湖区金山大道与九通路交汇处（恒大嘉园对面）,,,,,,,,http://hengdadijing027.fang.com/,"住宅底商,品牌地产",,,,,,,,,,,,,,,,普通住宅,,,,,,待售,,价格待定,,
,东西湖区,美联奥林匹克花园六期,,[三至四环]东西湖区奥园西路2号（地铁2号线金银潭站永旺梦乐城旁）,,,,,,,,http://aolinpikehuayuanml.fang.com/6/,"商住公寓,品牌地产",,,,,,,,,,,,,,,,普通住宅,,,,,,待售,,价格待定,,
,东西湖区,,,[三至四环]东西湖区奥园西路2号（地铁2号线金银潭站永旺梦乐城旁）,,,,,,,,http://aolinpikehuayuanml.fang.com/6/,"商住公寓,品牌地产",,,,,,,,,,,,,,,,普通住宅,,,,,,待售,,,,
,东西湖区,裕亚银湖城2期,,[三至四环]东西湖区古田二路与金银湖路交汇处（中百仓储对面）,,,,,,,,http://yinhuchengyy.fang.com/2/,,,,,,,,,,,,,,,,,普通住宅,,,,,,在售,,15700,,
,东西湖区,沿海翡丽公馆三期,,[三至四环]东西湖区金山大道与赛洛城南路交汇处（沿海赛洛城入口处）,,,,,,,,http://sailuochengyh.fang.com/6/,品牌地产,,,,,,,,,,,,,,,,普通住宅,,,,,,待售,,价格待定,,
,东西湖区,天纵半岛蓝湾,,[三至四环]东西湖区宏图大道与银潭路交汇处（地铁3号线宏图大道D出口旁）,,,,,,,,http://bandaolanwan027.fang.com/,"花园洋房,配套商品房",,,,,,,,,,,,,,,,普通住宅,,,,,,待售,,价格待定,,
,东西湖区,远洋世界3期悦璟湾,,[三至四环]东西湖区临空港大道868号(临空港大道与径河路交界处),,,,,,,,http://yuanyangshijie.fang.com/3/,,,,,,,,,,,,,,,,,普通住宅,,,,,,待售,,价格待定,,
,东西湖区,美联德玛假日二期阳光里,,[三至四环]东西湖区黄狮海东路与啤砖路交汇处（径河旁）,,,,,,,,http://demajiariml.fang.com/2/,品牌地产,,,,,,,,,,,,,,,,普通住宅,,,,,,待售,,价格待定,,
,东西湖区,欧亚达云台,,[三至四环]东西湖区东西湖大道和十全路交叉路口（东西湖区公路运输管理所旁）,,,,,,,,http://yuntaioyd.fang.com/,"标准写字楼,品牌地产",,,,,,,,,,,,,,,,普通住宅,,,,,,待售,,价格待定,,
,东西湖区,金银湖1号院,,[三至四环]东西湖区环湖路金银湖1号院（环湖三路公交站附近）,,,,,,,,http://jyhyhy027.fang.com/,联排,,,,,,,,,,,,,,,,花园洋房,,,,,,在售,,20000,,
,东西湖区,东建金海湾,,[三至四环]东西湖区吴家山金北一路原啤砖路（三店学校斜对面）,,,,,,,,http://jinhaiwandj.fang.com/,地铁沿线,,,,,,,,,,,,,,,,普通住宅,,,,,,待售,,价格待定,,
,东西湖区,泰顺和商业中心,,[四环以外]东西湖区高桥五路与东西湖大道交界处（石材城对面）,,,,,,,,http://shangyezhongxintsh.fang.com/,"商住公寓,低总价",,,,,,,,,,,,,,,,普通住宅,,,,,,在售,,5700,,
,东西湖区,华生地产金珠港湾,,[三至四环]东西湖区金银湖环湖西路8号,,,,,,,,http://jinzhugangwan.fang.com/2/,花园洋房,,,,,,,,,,,,,,,,普通住宅,,,,,,在售,,16500,,
,汉阳区,保和墨水湾,,[二至三环]汉阳区江堤中路与江欣苑路交汇处（墨水湖东岸）,,,,,,,,http://moshuiwanbh.fang.com/,,,,,,,,,,,,,,,,,普通住宅,,,,,,待售,,价格待定,,
,汉阳区,城投四新之光,,[二至三环]汉阳区四新南路与连通港西路交汇处（子期路以东）,,,,,,,,http://sixinzhiguangct.fang.com/,"花园洋房,品牌地产",,,,,,,,,,,,,,,,普通住宅,,,,,,待售,,价格待定,,
,汉阳区,万福国际广场,,[二至中环]汉阳区鹦鹉大道与倒口南村路交汇处（轨道交通6号线前进村站旁）,,,,,,,,http://wanfuguojiguangchang.fang.com/,,,,,,,,,,,,,,,,,普通住宅,,,,,,待售,,价格待定,,
,汉阳区,纽宾凯公园里,,[内至二环]汉阳区汉阳大道与赫山路交汇处（十里铺地铁D出口）,,,,,,,,http://gongyuanlinbk.fang.com/,"住宅底商,地铁沿线",,,,,,,,,,,,,,,,普通住宅,,,,,,待售,,价格待定,,
,汉阳区,越秀星悦湾畔,,[二至三环]汉阳区武汉四新北路与江堤中路交汇处,,,,,,,,http://yuexiuxingyuewanpan.fang.com/,,,,,,,,,,,,,,,,,商住楼,,,,,,待售,,价格待定,,
,汉阳区,海伦春天四期,,[二至三环]汉阳区龙阳大道与芳草一路交汇处（龙阳大道升官渡附近）,,,,,,,,http://hailunchuntian027.fang.com/4/,"叠拼,地铁沿线",,,,,,,,,,,,,,,,普通住宅,,,,,,在售,,15000,,
,汉阳区,四新天祥广场,,[二至三环]汉阳区江城大道与四新大道交汇处（西北角）,,,,,,,,http://tianxiangguangchang027.fang.com/,不限购,,,,,,,,,,,,,,,,商住楼,,,,,,在售,,12000,,
,汉阳区,招商公园1872,,[二至中环]汉阳区江城大道与墨水湖南湖交汇（墨水湖南岸）,,,,,,,,http://gongyuan1872zs.fang.com/,联排,,,,,,,,,,,,,,,,普通住宅,,,,,,待售,,价格待定,,
,汉阳区,武汉国博新城,,[二至中环]汉阳区国博大道与四新南路交汇处（6号线国博中心南站旁）,,,,,,,,http://guoboxinchengwh.fang.com/,,,,,,,,,,,,,,,,,普通住宅,,,,,,待售,,价格待定,,
,汉阳区,保利香颂,,[二至中环]汉阳区龙阳大道与四新大道交汇处（地铁3号线四新大道站）,,,,,,,,http://baolixiangsong.fang.com/,品牌地产,,,,,,,,,,,,,,,,普通住宅,,,,,,待售,,价格待定,,
,汉阳区,,,[二至中环]汉阳区龙阳大道与四新大道交汇处（地铁3号线四新大道站）,,,,,,,,http://baolixiangsong.fang.com/,品牌地产,,,,,,,,,,,,,,,,普通住宅,,,,,,待售,,,,
,汉阳区,钰龙旭辉半岛,,[二至中环]汉阳区墨水湖北路与汉桥路的交汇处约800米（二环汉桥路出口）,,,,,,,,http://yulongxuhuibandao.fang.com/,"联排,湖景地产",,,,,,,,,,,,,,,,普通住宅,,,,,,待售,,价格待定,,
,汉阳区,武汉正荣府,,[二至三环]汉阳区四新北路与连通港西路交汇处（连通港西路梅林三街公交站北面）,,,,,,,,http://wuhanzhengrongfu.fang.com/,品牌地产,,,,,,,,,,,,,,,,公租房,,,,,,待售,,价格待定,,
,汉阳区,凤凰小城,,[二至三环]汉阳区四新北路与梅林西路交汇处（汉阳中医院对面）,,,,,,,,http://fenghuangxiaocheng.fang.com/,住宅底商,,,,,,,,,,,,,,,,普通住宅,,,,,,待售,,价格待定,,
,汉阳区,新城璟棠,,[二至三环]汉阳区四新南路与四新中路交汇处（方岛公园旁）,,,,,,,,http://xinchengjingtang.fang.com/,"品牌地产,公园地产",,,,,,,,,,,,,,,,普通住宅,,,,,,待售,,价格待定,,
,汉阳区,纽宾凯运动MALL,,[二至三环]汉阳区芳草路与四新北路交汇处,,,,,,,,http://yundongmallnbk.fang.com/shop/,,,,,,,,,,,,,,,,,购物中心,,,,,,待售,,价格待定,,
,汉阳区,青澳都市尚巢,,[二至三环]汉阳区龙阳大道升官渡（龙阳大道与四新南路交汇处）,,,,,,,,http://dushishangchaoqa.fang.com/,地铁沿线,,,,,,,,,,,,,,,,商住公寓,,,,,,在售,,17000,,
,汉阳区,恒大御景湾,,[二至中环]汉阳区鹦鹉大道与汉新大道交汇处,,,,,,,,http://yujingwanhd027.fang.com/,"标准写字楼,低密居所",,,,,,,,,,,,,,,,普通住宅,,,,,,在售,,15000,,
,汉阳区,佳兆业滨江壹号,,[二至三环]汉阳区琴台大道琴断口江汉六桥旁（琴台大道郭家湾车站附近）,,,,,,,,http://jiazhaoyeyihao027.fang.com/,商住公寓,,,,,,,,,,,,,,,,普通住宅,,,,,,在售,,11000,,
,汉阳区,复地海上海,,[二至中环]汉阳区建港路1号（鹦鹉大道建港路站旁）,,,,,,,,http://haishanghaifd.fang.com/,品牌地产,,,,,,,,,,,,,,,,商住楼,,,,,,在售,,22000,,
,汉阳区,中国铁建国际花园,,[二至中环]汉阳区汉阳区琴台大道与阳城西路交汇处（江汉六桥旁）,,,,,,,,http://guojihuayuanzgtj027.fang.com/,小户型,,,,,,,,,,,,,,,,普通住宅,,,,,,在售,,16500,,
,江汉区,福星华府誉境,,[二至三环]江汉区姑嫂树路与新湾路交汇处,,,,,,,,http://fuxinghuafu.fang.com/2/,品牌地产,,,,,,,,,,,,,,,,普通住宅,,,,,,在售,,15200,,
,江汉区,CBD楚世家,,[内至二环]江汉区武汉中央商务区建设大道181号(海军工程大学对面),,,,,,,,http://cbdchushijia.fang.com/,标准写字楼,,,,,,,,,,,,,,,,普通住宅,,,,,,待售,,价格待定,,
,江汉区,西北湖壹号御玺湾,,[内至二环]江汉区西北湖路北段（地铁2/3号线范湖站旁）,,,,,,,,http://xibeihuyihao.fang.com/,,,,,,,,,,,,,,,,,普通住宅,,,,,,待售,,价格待定,,
,江汉区,越秀国际金融汇,,[内至二环]江汉区精武路1号（新华路体育馆对面）,,,,,,,,http://guojijinronghuiyx.fang.com/,品牌地产,,,,,,,,,,,,,,,,普通住宅,,,,,,在售,,34000,,
,江汉区,泛海国际芸海园,,[内至二环]江汉区武汉中央商务区黄海路（体育公园旁）,,,,,,,,http://yunhaiyuanfhgj.fang.com/,花园洋房,,,,,,,,,,,,,,,,普通住宅,,,,,,在售,,31000,,
,江汉区,万科金域时代,,[内至二环]江汉区香港路与台北路交汇处（3号线菱角湖站C出口）,,,,,,,,http://jinyushidaiwk.fang.com/,,,,,,,,,,,,,,,,,普通住宅,,,,,,在售,,33000,,
,江汉区,当代·中锐万国府ΜΟΜΛ,,[内至二环]江汉区常青路与振兴路交汇处（居然之家斜对面）,,,,,,,,http://zrwgfmomadd.fang.com/,,,,,,,,,,,,,,,,,普通住宅,,,,,,在售,,31000,,
,江汉区,阳光城·央座,,[内环以内]江汉区建设大道与香港路交汇处,,,,,,,,http://yangzuoygc.fang.com/,品牌地产,,,,,,,,,,,,,,,,普通住宅,,,,,,在售,,31000,,
,江汉区,南国中心二期,,[内至二环]江汉区解放大道循礼门669号（天安大酒店正对面）,,,,,,,,http://nanguozhongxin.fang.com/,地铁沿线,,,,,,,,,,,,,,,,普通住宅,,,,,,待售,,价格待定,,
,江汉区,万科汉口传奇唐樾,,[二至中环]江汉区新华路与发展大道交汇处（大武汉1911斜对面）,,,,,,,,http://hankouchuanqitangyuewk.fang.com/,"品牌地产,复合地产",,,,,,,,,,,,,,,,普通住宅,,,,,,待售,,价格待定,,
,江汉区,,,[二至中环]江汉区新华路与发展大道交汇处（大武汉1911斜对面）,,,,,,,,http://hankouchuanqitangyuewk.fang.com/,"品牌地产,复合地产",,,,,,,,,,,,,,,,普通住宅,,,,,,待售,,,,
,江汉区,华发中城荟,,[内至二环]江汉区青年路与淮海路交汇处（地铁二号线范湖站B出口旁）,,,,,,,,http://huafazhongchenghui.fang.com/,"商住公寓,品牌地产",,,,,,,,,,,,,,,,普通住宅,,,,,,待售,,价格待定,,
,江汉区,汉口新界广场5號公馆,,[内环以内]江汉区航空路26号（华中科技大学同济医学院旁）,,,,,,,,http://xinjieguangchanghk.fang.com/,"地铁沿线,配套商品房",,,,,,,,,,,,,,,,商住楼,,,,,,在售,,29000,,
,江汉区,沿海菱角湖壹号,,[内至二环]江汉区长江日报路与菱角湖路交汇处（菱角湖公园旁）,,,,,,,,http://lingjiaohuyihaoyh.fang.com/,,,,,,,,,,,,,,,,,商住楼,,,,,,在售,,26000,,
,江汉区,顶琇国际城,,[二至中环]江汉区发展大道与唐家墩路交汇处（地铁6/10号线唐家墩站旁）,,,,,,,,http://dingxiuguojicheng.fang.com/,品牌地产,,,,,,,,,,,,,,,,商住楼,,,,,,在售,,16500,,
,江汉区,新长江京华国际,,[二至三环]江汉区姑嫂树路和兴业路交界处（南国北都对面）,,,,,,,,http://jinghuaguoji.fang.com/,,,,,,,,,,,,,,,,,商住楼,,,,,,在售,,15500,,
,江汉区,都会轩,,[内环以内]江汉区循礼门地铁站上盖（江汉路与京汉大道交汇处循礼门站C出口）,,,,,,,,http://duhuixuanhjhp.fang.com/,商住公寓,,,,,,,,,,,,,,,,普通住宅,,,,,,在售,,31000,,
,江汉区,ICC铂庭,,[内至二环]江汉区长江大道与建设大道交汇处（青年路59号）,,,,,,,,http://iccbojingongyu.fang.com/,,,,,,,,,,,,,,,,,普通住宅,,,,,,在售,,33750,,
,江汉区,泛海国际兰海园三期碧海园,,[内至二环]江汉区武汉中央商务区淮海路中段（地铁武汉商务区站附近）,,,,,,,,http://lanhaiyuanfh.fang.com/3/,品牌地产,,,,,,,,,,,,,,,,普通住宅,,,,,,待售,,价格待定,,
,江汉区,顶琇青年家,,[二至中环]江汉区发展大道与唐家墩路交汇处（唐家墩中百仓储对面）,,,,,,,,http://toutiaozhongxindx.fang.com/,小户型,,,,,,,,,,,,,,,,商住公寓,,,,,,在售,,16500,,
,江汉区,庭瑞时代,,[内至二环]江汉区新华路与马场角路交汇处（菱角湖万达广场对面）,,,,,,,,http://tingruishidai.fang.com/,"标准写字楼,品牌地产",,,,,,,,,,,,,,,,普通住宅,,,,,,在售,,27000,,
,武昌区,中南欢乐汇,,[内环以内]武昌区中南路丁字桥4号线梅苑小区站C出口东行100米(中建三局大楼南面),,,,,,,,http://zhongnanhuanlehui.fang.com/?from=xflist_xfgg,"小户型,地铁沿线",,,,,,,,,,,,,,,,商住楼,,,,,,待售,,价格待定,,
,武昌区,佳兆业广场天御,,[内环以内]武昌区武珞路与和武珞路四巷交汇处（汉街万达广场）,,,,,,,,http://guangchangtianyujzy.fang.com/,,,,,,,,,,,,,,,,,普通住宅,,,,,,待售,,,,
,武昌区,万达御湖壹号,,[内环以内]武昌区楚汉路与沿湖三路交汇以东,,,,,,,,http://yuhuyihaowd.fang.com/,"湖景地产,江景地产",,,,,,,,,,,,,,,,普通住宅,,,,,,在售,,38500,,
,武昌区,万盈国际,,[二至三环]武昌区友谊大道与才茂街交汇处,,,,,,,,http://wanyingguoji027.fang.com/,"商住公寓,低总价",,,,,,,,,,,,,,,,酒店写字楼,,,,,,在售,,18000,,
,武昌区,华侨城·原岸,,[二至三环]武昌区东湖风景区欢乐大道与风荷路交汇处,,,,,,,,http://yuananhqc027.fang.com/,"大平层,湖景地产",,,,,,,,,,,,,,,,普通住宅,,,,,,待售,,价格待定,,
,武昌区,联投中心,,[内环以内]武昌区和平大道、临江大道与新生路交汇处,,,,,,,,http://liantouzhongxin027.fang.com/,"标准写字楼,品牌地产",,,,,,,,,,,,,,,,普通住宅,,,,,,在售,,32000,,
,武昌区,融创中心武汉壹号院,,[内环以内]武昌区沙湖大道与公正路交汇处,,,,,,,,http://rongchuangzhongxinwh.fang.com/,品牌地产,,,,,,,,,,,,,,,,商住楼,,,,,,待售,,价格待定,,
,武昌区,绿地海珀御观,,[内至二环]武昌区和平大道750号（原武昌车辆厂）,,,,,,,,http://haipoyuguan.fang.com/,大平层,,,,,,,,,,,,,,,,普通住宅,,,,,,待售,,价格待定,,
,武昌区,万金国际广场,,[内至二环]武昌区紫阳东路与中山路交汇处（地铁4号线武昌火车站D出口）,,,,,,,,http://wanjinguojiguangchangtl.fang.com/,"低总价,小户型",,,,,,,,,,,,,,,,商住公寓,,,,,,在售,,16500,,
,武昌区,越秀星悦峯,,[内环以内]武昌区中北路与秦园东路交汇处（4号线东亭站D出口约20米）,,,,,,,,http://xingyuefengyx.fang.com/,"小户型,湖景地产",,,,,,,,,,,,,,,,商住公寓,,,,,,在售,,33000,,
,武昌区,,,[内环以内]武昌区中北路与秦园东路交汇处（4号线东亭站D出口约20米）,,,,,,,,http://xingyuefengyx.fang.com/,"小户型,湖景地产",,,,,,,,,,,,,,,,商住公寓,,,,,,在售,,,,
,武昌区,绿地铂瑞公馆,,[内至二环]武昌区和平大道750号（原武昌车辆厂）,,,,,,,,http://boruigongguanld.fang.com/,,,,,,,,,,,,,,,,,商住楼,,,,,,在售,,38000,,
,武昌区,复地东湖国际,,[内至二环]武昌区中北路147号（原武重工厂）,,,,,,,,http://donghuguojifd.fang.com/,"花园洋房,豪华居住区",,,,,,,,,,,,,,,,普通住宅,,,,,,待售,,价格待定,,
,武昌区,武汉恒大首府,,[内环以内]武昌区和平大道三角路（原武汉理工大旧址、长江隧道入口旁）,,,,,,,,http://shoufuwhhd.fang.com/,"品牌地产,湖景地产",,,,,,,,,,,,,,,,普通住宅,,,,,,待售,,价格待定,,
,武昌区,福星惠誉东湖城,,[二至中环]武昌区东湖畔欢乐大道与园林路交汇处（近欢乐谷）,,,,,,,,http://donghuchengfxhy.fang.com/,,,,,,,,,,,,,,,,,普通住宅,,,,,,待售,,价格待定,,
,武昌区,中南SOHO城,,[内至二环]武昌区丁字桥路文安街交叉口（老公安厅旁）,,,,,,,,http://sohochengzn.fang.com/,地铁沿线,,,,,,,,,,,,,,,,商住楼,,,,,,待售,,价格待定,,
,武昌区,百瑞景中央生活区六期,,[内至二环]武昌区瑞景路瑞景广场一楼（星巴克斜对面）,,,,,,,,http://zhongyangshenghuoqubrj.fang.com/6/,品牌地产,,,,,,,,,,,,,,,,普通住宅,,,,,,待售,,价格待定,,
,武昌区,华东天地,,[内至二环]武昌区中华路39号（粮食局正对面）,,,,,,,,http://huadongtiandi.fang.com/,,,,,,,,,,,,,,,,,住宅底商,,,,,,在售,,30000,,
,武昌区,新安万福广场,,[二至中环]武昌区白沙洲堤东街538号(武金堤公路八铺街站下车步行220米),,,,,,,,http://wanfuguangchangxa.fang.com/,,,,,,,,,,,,,,,,,住宅底商,,,,,,在售,,40000,,
,武昌区,中国铁建1818中心,,[内环以内]武昌区中北路109号（中北路与公正路交汇处）,,,,,,,,http://1818zhongxin.fang.com/office/,,,,,,,,,,,,,,,,,标准写字楼,,,,,,在售,,26000,,
,武昌区,绿地国际金融城写字楼,,[内环以内]武昌区和平大道840号（湖北大学附近）,,,,,,,,http://guojijinrongchengld.fang.com/office/,"总部园区,品牌地产",,,,,,,,,,,,,,,,标准写字楼,,,,,,在售,,35000,,
,武昌区,汇通新长江中心,,[内环以内]武昌区徐东大街6号（徐东大街与和平大道交汇处）,,,,,,,,http://xinchangjiangzhongxinht.fang.com/,,,,,,,,,,,,,,,,,标准写字楼,,,,,,在售,,24000,,
,经济开发区,海天幸福天地一期,,[中环以外]经济开发区东风大道海天汽配大世界（东风大道与枫树一路交汇处）,,,,,,,,http://xingfutiandiyiqiht.fang.com/,,,,,,,,,,,,,,,,,普通住宅,,,,,,待售,,价格待定,,
,经济开发区,台银城,,[四环以外]经济开发区东风大道与枫树一路交汇处,,,,,,,,http://taiyincheng2.fang.com/,,,,,,,,,,,,,,,,,普通住宅,,,,,,待售,,价格待定,,
,经济开发区,联创中心未来寓,,[三至四环]经济开发区武汉市汉阳经开区海棠路（永旺旁）,,,,,,,,http://zhongxinweilaiyulc.fang.com/,,,,,,,,,,,,,,,,,商住楼,,,,,,待售,,价格待定,,
,经济开发区,海伦小镇,,[中环以外]经济开发区小军村经开大道特一号（四环线与汉洪高速交汇处）,,,,,,,,http://qianluwanhlb.fang.com/,"花园洋房,豪华居住区",,,,,,,,,,,,,,,,普通住宅,,,,,,在售,,8300,,
,经济开发区,实地君兰汀岸别墅,,[四环以外]经济开发区武汉市经济技术开发区（四环线与汉洪高速交汇处）,,,,,,,,http://shidijunlantingan.fang.com/villa/,,,,,,,,,,,,,,,,,别墅,,,,,,在售,,245,,
,经济开发区,学府丽城,,[中环以外]经济开发区博艺路（江大5号门）,,,,,,,,http://xuefulicheng.fang.com/,地铁沿线,,,,,,,,,,,,,,,,普通住宅,,,,,,待售,,价格待定,,
,经济开发区,现代天外天小镇,,[四环以外]经济开发区军山街长山特1号（现代天外天酒店旁）,,,,,,,,http://tianwaitianxiaozhenxd.fang.com/,,,,,,,,,,,,,,,,,普通住宅,,,,,,待售,,价格待定,,
,经济开发区,东合发展中心,,[三至四环]经济开发区武汉市经济技术开发区东风二路,,,,,,,,http://fazhanzhongxindh.fang.com/office/,,,,,,,,,,,,,,,,,标准写字楼,,,,,,待售,,价格待定,,
,经济开发区,海滨城二期丽港新都,,[中环以外]经济开发区后官湖大道海滨城路1号（东风设计院附近）,,,,,,,,http://ligangxindu.fang.com/,"大平层,景观居所",,,,,,,,,,,,,,,,普通住宅,,,,,,在售,,10000,,
,经济开发区,碧桂园泰富城,,[中环以外]经济开发区沌口三环线与江城大道交界处（永旺旁）,,,,,,,,http://mingqizuotf.fang.com/,LOFT,,,,,,,,,,,,,,,,商住楼,,,,,,在售,,19000,,
,经济开发区,,,[中环以外]经济开发区沌口三环线与江城大道交界处（永旺旁）,,,,,,,,http://mingqizuotf.fang.com/,LOFT,,,,,,,,,,,,,,,,商住楼,,,,,,在售,,,,
,经济开发区,港湾江城,,[三至四环]经济开发区万家湖中路以东沌口路以南（沌口路和万家湖中路交汇处）,,,,,,,,http://gangwanjiangcheng.fang.com/,,,,,,,,,,,,,,,,,普通住宅,,,,,,在售,,13500,,
,经济开发区,辉煌时代,,[中环以外]经济开发区沌阳大道旁珠山湖大道45号（炎龙酒店旁）,,,,,,,,http://huihuangshidai.fang.com/,经济住宅,,,,,,,,,,,,,,,,商住公寓,,,,,,在售,,7800,,
,经济开发区,联投半岛一品,,[中环以外]经济开发区车城大道（大半岛地块小学对面）,,,,,,,,http://liantoubandao.fang.com/villa/,,,,,,,,,,,,,,,,,别墅,,,,,,在售,,36000,,
,经济开发区,健龙果岭公元二期果壳社区,,[中环以外]经济开发区东风大道与车城大道交汇处（沌阳大道站旁）,,,,,,,,http://guolinggongyuanjl.fang.com/,商住公寓,,,,,,,,,,,,,,,,普通住宅,,,,,,在售,,10000,,
,经济开发区,龙台二期桃源,,[中环以外]经济开发区后官湖大道枫树一路（听涛观海旁）,,,,,,,,http://longtai027.fang.com/2/,花园洋房,,,,,,,,,,,,,,,,普通住宅,,,,,,在售,,价格待定,,
,经济开发区,万科翡翠玖玺,,[中环以外]经济开发区太子湖路武汉体育中心旁（足球公园正对面）,,,,,,,,http://feicuijiuxiwk.fang.com/,"双拼,品牌地产",,,,,,,,,,,,,,,,普通住宅,,,,,,在售,,20000,,
,经济开发区,金色港湾双湖林语,,[中环以外]经济开发区芳草路与太子湖北路交汇处（芳草路太子湖北路公交站旁）,,,,,,,,http://jsgwshly.fang.com/,"品牌地产,湖景地产",,,,,,,,,,,,,,,,普通住宅,,,,,,在售,,15200,,
,经济开发区,庭瑞UME,,[中环以外]经济开发区太子湖北路（东方高尔夫球场正对面）,,,,,,,,http://tingruiume.fang.com/,"品牌地产,低总价",,,,,,,,,,,,,,,,商住楼,,,,,,在售,,16000,,
,经济开发区,金色港湾MIMI空间,,[三至四环]经济开发区东风大道与车城大道交汇处（MIMI空间营销中心,,,,,,,,http://mimikongjianjsgw.fang.com/,不限购,,,,,,,,,,,,,,,,商住公寓,,,,,,在售,,15500,,
,经济开发区,长江楚韵,,[中环以外]经济开发区沌口路中营寺（武桥重工对面）,,,,,,,,http://linjianghuayuan027.fang.com/,"商住公寓,景观居所",,,,,,,,,,,,,,,,普通住宅,,,,,,待售,,价格待定,,
,硚口区,新华尚水湾,,[二至三环]硚口区沿河大道519号（麦德龙旁）,,,,,,,,http://xinhuashangshuiwan.fang.com/,地铁沿线,,,,,,,,,,,,,,,,普通住宅,,,,,,待售,,,,
,硚口区,兴华尚都国际,,[内至二环]硚口区汉西北路36号（地铁3号线双墩站旁）,,,,,,,,http://shangduguojixh.fang.com/,,,,,,,,,,,,,,,,,普通住宅,,,,,,在售,,23800,,
,硚口区,金地悦江时代,,[二至中环]硚口区古田二路37号（古田路肖家墩车站西300米）,,,,,,,,http://yuejiangshidaijd.fang.com/,品牌地产,,,,,,,,,,,,,,,,普通住宅,,,,,,在售,,19000,,
,硚口区,江山樾,,[二至三环]硚口区古田二路与沿河大道交汇处（古田桥头）,,,,,,,,http://jiangshanyue027.fang.com/,,,,,,,,,,,,,,,,,普通住宅,,,,,,待售,,价格待定,,
,硚口区,千禧城,,[二至中环]硚口区解放大道轻轨一号线古田三路北出口,,,,,,,,http://qianxicheng.fang.com/,,,,,,,,,,,,,,,,,普通住宅,,,,,,在售,,22000,,
,硚口区,海尔地产国际广场,,[二至中环]硚口区解放大道古田二路轻轨站口（省柴小区对面）,,,,,,,,http://guojiguangchanghe.fang.com/,,,,,,,,,,,,,,,,,商住楼,,,,,,在售,,18000,,
,硚口区,时代新世界,,[内至二环]硚口区建设大道与汉西路交汇处（地铁3号线双墩站附近）,,,,,,,,http://shidaixinshijie.fang.com/,品牌地产,,,,,,,,,,,,,,,,普通住宅,,,,,,在售,,26500,,
,硚口区,华润翡翠城,,[二至三环]硚口区古田二路与城华路交汇处（园博园西入口旁）,,,,,,,,http://feicuichenghr027.fang.com/,,,,,,,,,,,,,,,,,普通住宅,,,,,,待售,,价格待定,,
,硚口区,花样年喜年中心,,[内环以内]硚口区武胜路与沿河大道交汇处（江汉一桥下）,,,,,,,,http://huayangnianxinianzhongxin.fang.com/,"写字楼商铺,品牌地产",,,,,,,,,,,,,,,,标准写字楼,,,,,,出租,,价格待定,,
,硚口区,同馨花园雍豪府,,[内至二环]硚口区解放大道582号(蓝天宾馆对面),,,,,,,,http://yonghaofu.fang.com/,地铁沿线,,,,,,,,,,,,,,,,普通住宅,,,,,,在售,,35000,,
,硚口区,,,[内至二环]硚口区解放大道582号(蓝天宾馆对面),,,,,,,,http://yonghaofu.fang.com/,地铁沿线,,,,,,,,,,,,,,,,普通住宅,,,,,,在售,,,,
,硚口区,海联时代广场,,[二至中环]硚口区长升路与丰茂路交汇处（三江航天酒店对面）,,,,,,,,http://hailianshidai.fang.com/,"商住公寓,低总价",,,,,,,,,,,,,,,,普通住宅,,,,,,在售,,15000,,
,硚口区,招商江湾国际,,[二至中环]硚口区古田二路和古田路交汇处（轻轨古田二路站附近约1公里处）,,,,,,,,http://jiangwanguojizs.fang.com/,"商住公寓,品牌地产",,,,,,,,,,,,,,,,普通住宅,,,,,,在售,,16500,,
,硚口区,汉水岸,,[二至三环]硚口区解放大道与联工路交汇处（古田一路轻轨站旁）,,,,,,,,http://hanshuian.fang.com/,"商住公寓,地铁沿线",,,,,,,,,,,,,,,,普通住宅,,,,,,在售,,12500,,
,硚口区,凯德西城,,[二至中环]硚口区解放大道与古田二路的交汇处（古田二路轻轨站A出口旁）,,,,,,,,http://kaidexicheng.fang.com/,"商住公寓,小户型",,,,,,,,,,,,,,,,普通住宅,,,,,,在售,,19000,,
,硚口区,洺悦府,,[二至三环]硚口区解放大道与古田五路交汇处（武汉四中旁）,,,,,,,,http://mingyuefu.fang.com/,品牌地产,,,,,,,,,,,,,,,,普通住宅,,,,,,在售,,23000,,
,硚口区,中建御景星城,,[内至二环]硚口区解放大道与汉西路交汇处（武汉万泰汽配城旁）,,,,,,,,http://yujingxingchengzj.fang.com/,,,,,,,,,,,,,,,,,普通住宅,,,,,,待售,,价格待定,,
,硚口区,美好名流汇,,[二至中环]硚口区解放大道辛家地（中百仓储旁）,,,,,,,,http://mingliuhuimh.fang.com/,住宅底商,,,,,,,,,,,,,,,,普通住宅,,,,,,待售,,价格待定,,
,硚口区,武汉美好香域花境,,[二至中环]硚口区古田二路与广华路交汇口（蓝焰油气古田二路加油站对面）,,,,,,,,http://xiangyuhuajingwhmh.fang.com/,,,,,,,,,,,,,,,,,普通住宅,,,,,,待售,,价格待定,,
,硚口区,海联时代广场商铺,,[二至中环]硚口区长升路与丰茂路交汇处（三江航天酒店对面）,,,,,,,,http://hailianshidaiguangchang.fang.com/shop/,"低总价,小户型",,,,,,,,,,,,,,,,住宅底商,,,,,,在售,,33000,,
,硚口区,盛惠邻里MALL,,[二至中环]硚口区长丰大道158号（万国汽配城旁）,,,,,,,,http://shenghuilinlimall.fang.com/shop/,,,,,,,,,,,,,,,,,购物中心,,,,,,在售,,20000,,
,黄陂区,南山十里星空,,[三至四环]黄陂区盘龙城经济开发区华云路以南宋家岗东路以东,,,,,,,,http://shilixingkongns.fang.com/,"品牌地产,地铁沿线",,,,,,,,,,,,,,,,普通住宅,,,,,,待售,,,,
,黄陂区,南德榜样学府,,[中环以外]黄陂区巨龙大道盘龙一路新刘店学校旁（巨龙大道日月山水站附近）,,,,,,,,http://bangyangxuefund.fang.com/,,,,,,,,,,,,,,,,,普通住宅,,,,,,在售,,10000,,
,黄陂区,山海观,,[三至四环]黄陂区盘龙大道汤云海路（地铁2号线盘龙城站B出口附近）,,,,,,,,http://shanhaiguanwh.fang.com/,"花园洋房,湖景地产",,,,,,,,,,,,,,,,普通住宅,,,,,,在售,,12500,,
,黄陂区,天纵云湖湾,,[三至四环]黄陂区川龙大道与后湖北路交汇处,,,,,,,,http://tianzongyunhuwan.fang.com/,"花园洋房,品牌地产",,,,,,,,,,,,,,,,普通住宅,,,,,,在售,,10700,,
,黄陂区,汉北水晶城二期,,[中环以外]黄陂区武汉市黄陂区汉北大道167号（黄陂五中旁）,,,,,,,,http://shuijingchenghb.fang.com/2/,低总价,,,,,,,,,,,,,,,,普通住宅,,,,,,待售,,价格待定,,
,黄陂区,北辰蔚蓝城市,,[四环以外]黄陂区川龙大道与后湖北路交汇处（奥特莱斯北侧）,,,,,,,,http://beichenweilanchengshi.fang.com/,"花园洋房,品牌地产",,,,,,,,,,,,,,,,普通住宅,,,,,,待售,,价格待定,,
,黄陂区,前川欣城二期,,[四环以外]黄陂区前川大道与石阳街交汇处（前川一小旁）,,,,,,,,http://qianchuanxincheng.fang.com/2/,经济住宅,,,,,,,,,,,,,,,,普通住宅,,,,,,待售,,价格待定,,
,黄陂区,全景外滩,,[三至四环]黄陂区滠水公园旁（冰晶江城旁）,,,,,,,,http://quanjingwaitan.fang.com/,经济住宅,,,,,,,,,,,,,,,,普通住宅,,,,,,在售,,9000,,
,黄陂区,盘龙理想城,,[三至四环]黄陂区经济开发区巨龙大道56号（下岱黄高速右行）,,,,,,,,http://lixiangchengpl.fang.com/,地铁沿线,,,,,,,,,,,,,,,,普通住宅,,,,,,待售,,价格待定,,
,黄陂区,天汇龙城,,[中环以外]黄陂区盘龙城巨龙大道90号,,,,,,,,http://tianhuilongcheng.fang.com/,品牌地产,,,,,,,,,,,,,,,,普通住宅,,,,,,待售,,价格待定,,
,黄陂区,,,[中环以外]黄陂区盘龙城巨龙大道90号,,,,,,,,http://tianhuilongcheng.fang.com/,品牌地产,,,,,,,,,,,,,,,,普通住宅,,,,,,待售,,,,
,黄陂区,F水星城,,[三至四环]黄陂区盘龙城经济开发区巨龙大道下集（盘龙理想城旁）,,,,,,,,http://fshuixingcheng.fang.com/,,,,,,,,,,,,,,,,,普通住宅,,,,,,待售,,价格待定,,
,黄陂区,左岸天地,,[三至四环]黄陂区汉口北岱山二桥桥头,,,,,,,,http://zuoantiandi.fang.com/,不限购,,,,,,,,,,,,,,,,普通住宅,,,,,,待售,,10000,,
,黄陂区,洪福美境,,[三至四环]黄陂区巨龙大道以北名流路以西（名流人和天地旁）,,,,,,,,http://hongfumeijing.fang.com/,"住宅底商,经济住宅",,,,,,,,,,,,,,,,普通住宅,,,,,,待售,,价格待定,,
,黄陂区,F、天下,,[中环以外]黄陂区经济开发区巨龙大道196号（盘龙城名胜风景区附近）,,,,,,,,http://ftianxia.fang.com/,"水景地产,特色别墅",,,,,,,,,,,,,,,,别墅,,,,,,在售,,618,,
,黄陂区,空港中心,,[三至四环]黄陂区临空新城景星路特一号（地铁2号线航空总部站旁）,,,,,,,,http://konggangzhongxin.fang.com/,,,,,,,,,,,,,,,,,商住楼,,,,,,在售,,9000,,
,黄陂区,联投汉口郡,,[三至四环]黄陂区汉口北大道特9号（胜海家园旁）,,,,,,,,http://hankoujunlt.fang.com/,"品牌地产,不限购",,,,,,,,,,,,,,,,普通住宅,,,,,,待售,,价格待定,,
,黄陂区,汉口御江澜庭,,[三至四环]黄陂区汉施公路与发展路交汇处（汉施公路发展路下车即达）,,,,,,,,http://yujianglantinghk.fang.com/,江景地产,,,,,,,,,,,,,,,,普通住宅,,,,,,待售,,价格待定,,
,黄陂区,中南拂晓城,,[四环以外]黄陂区川龙大道及天阳路交汇处（奥特莱斯北侧）,,,,,,,,http://fuxiaochengzn.fang.com/,"品牌地产,低总价",,,,,,,,,,,,,,,,普通住宅,,,,,,待售,,价格待定,,
,黄陂区,日月天地,,[三至四环]黄陂区巨龙大道与盘龙一路交汇处（卓尔总部旁）,,,,,,,,http://riyuetiandi027.fang.com/,,,,,,,,,,,,,,,,,普通住宅,,,,,,待售,,价格待定,,
,黄陂区,碧桂园全景外滩,,[四环以外]黄陂区滠水公园旁（冰晶江城旁）,,,,,,,,http://quanjingwaitanbgy.fang.com/,,,,,,,,,,,,,,,,,普通住宅,,,,,,待售,,价格待定,,
,江夏区,招商东城华府,,[三至四环]江夏区富士康西路与梁山头交汇处,,,,,,,,http://dongchenghuafuzs.fang.com/,"花园洋房,品牌地产",,,,,,,,,,,,,,,,普通住宅,,,,,,待售,,,,
,江夏区,武汉雅居乐花园,,[三至四环]江夏区江夏大道37号（庙山威鹏医院附近）,,,,,,,,http://yajuleguojihuayuanwh.fang.com/,"住宅底商,品牌地产",,,,,,,,,,,,,,,,普通住宅,,,,,,待售,,价格待定,,
,江夏区,中锐滨湖尚城,,[三至四环]江夏区腾讯大道与金龙大街交汇处（腾讯武汉研发中心）,,,,,,,,http://binhushangchengzr.fang.com/,"花园洋房,品牌地产",,,,,,,,,,,,,,,,普通住宅,,,,,,待售,,价格待定,,
,江夏区,中海光谷锦城,,[三至四环]江夏区东园西路和梁山头路交汇处,,,,,,,,http://guanggujinchengzh.fang.com/,"品牌地产,地铁沿线",,,,,,,,,,,,,,,,普通住宅,,,,,,在售,,16000,,
,江夏区,武汉碧桂园天玺湾,,[三至四环]江夏区江夏大道明泽路（汤逊湖畔）,,,,,,,,http://tianxiwanbgy027.fang.com/,"联排,品牌地产",,,,,,,,,,,,,,,,花园洋房,,,,,,在售,,30000,,
,江夏区,百步亭江南郡,,[四环以外]江夏区江夏大道与向阳二路交汇处（梦天湖度假山庄旁）,,,,,,,,http://jiangnanjunbbt.fang.com/,"花园洋房,品牌地产",,,,,,,,,,,,,,,,普通住宅,,,,,,待售,,价格待定,,
,江夏区,北华壹號,,[请选择]江夏区北华街新法院旁,,,,,,,,http://beihuayihao.fang.com/,,,,,,,,,,,,,,,,,普通住宅,,,,,,在售,,10000,,
,江夏区,江南花山郡,,[三至四环]江夏区江夏大道和江花大道交汇处,,,,,,,,http://jiangnanhuashanjun.fang.com/,低总价,,,,,,,,,,,,,,,,普通住宅,,,,,,在售,,7800,,
,江夏区,联投龙湾,,[三至四环]江夏区珞狮南路延长线文化大道（武汉东湖学院旁）,,,,,,,,http://liantoulongwan.fang.com/,,,,,,,,,,,,,,,,,普通住宅,,,,,,待售,,价格待定,,
,江夏区,新华联青年城,,[中环以外]江夏区江夏大道71号（梦天湖度假山庄旁）,,,,,,,,http://qingnianchengxhl.fang.com/,"花园洋房,低密居所",,,,,,,,,,,,,,,,普通住宅,,,,,,待售,,价格待定,,
,江夏区,,,[中环以外]江夏区江夏大道71号（梦天湖度假山庄旁）,,,,,,,,http://qingnianchengxhl.fang.com/,"花园洋房,低密居所",,,,,,,,,,,,,,,,普通住宅,,,,,,待售,,,,
,江夏区,加州橘郡住宅,,[三至四环]江夏区江夏大道特77号（武汉外校美加分校旁）,,,,,,,,http://shidanfugongguanmj.fang.com/,"花园洋房,低密居所",,,,,,,,,,,,,,,,普通住宅,,,,,,待售,,价格待定,,
,江夏区,长投绿城蘭园,,[三至四环]江夏区栗庙路12号（湖北经济学院对面）,,,,,,,,http://lanyuanctlc.fang.com/,,,,,,,,,,,,,,,,,普通住宅,,,,,,待售,,价格待定,,
,江夏区,水墨江郡秀水街,,[四环以外]江夏区文化大道与金龙大道交汇处（江夏区政府对面·谭鑫培公园旁）,,,,,,,,http://smjjxsj.fang.com/,,,,,,,,,,,,,,,,,住宅底商,,,,,,租售,,价格待定,,
,江夏区,纳帕溪谷,,[三至四环]江夏区藏龙岛栗庙路9号(华农楚天学院旁),,,,,,,,http://napaxigu027.fang.com/,"特色别墅,宜居生态地产",,,,,,,,,,,,,,,,别墅,,,,,,在售,,27500,,
,江夏区,滨湖壹号别墅,,[三至四环]江夏区藏龙岛科技园藏龙大道10号（藏龙大道与谭湖路交汇处）,,,,,,,,http://binhuyihao.fang.com/,湖景地产,,,,,,,,,,,,,,,,别墅,,,,,,在售,,22000,,
,江夏区,中建·汤逊湖壹号别墅,,[中环以外]江夏区汤逊湖红旗岛（文化大道与金樱街交汇处向东1000米）,,,,,,,,http://tangxunhuyihaozj.fang.com/2/,"湖景地产,旅游地产",,,,,,,,,,,,,,,,别墅,,,,,,在售,,30000,,
,江夏区,东方雨林,,[中环以外]江夏区城际铁路庙山新村站前行200米,,,,,,,,http://dongfangyulin.fang.com/,花园洋房,,,,,,,,,,,,,,,,普通住宅,,,,,,在售,,10850,,
,江夏区,万豪世纪天街,,[中环以外]江夏区谭鑫培路与马山路交汇处（谭鑫培公园附近）,,,,,,,,http://shijitianjiewh.fang.com/,低总价,,,,,,,,,,,,,,,,普通住宅,,,,,,在售,,11500,,
,江夏区,海伦广场,,[中环以外]江夏区文化大道和红旗街交汇处（侨亚国际文化大厦旁）,,,,,,,,http://hailunguangchang027.fang.com/,不限购,,,,,,,,,,,,,,,,普通住宅,,,,,,在售,,价格待定,,
,江夏区,博阅府,,[三至四环]江夏区汤逊湖山庄（城际铁路庙山站附近）,,,,,,,,http://boyuefufl.fang.com/,"商住公寓,低密居所",,,,,,,,,,,,,,,,普通住宅,,,,,,在售,,10000,,
,青山区,海伦国际,,[三至四环]青山区武东中路（武东中学附近）,,,,,,,,http://hailunguoji027.fang.com/,"叠拼,品牌地产",,,,,,,,,,,,,,,,普通住宅,,,,,,在售,,11000,,
,青山区,招商一江璟城,,[二至三环]青山区和平大道建设六路（原13、14街坊）,,,,,,,,http://yijiangjingchengzs.fang.com/,"品牌地产,地铁沿线",,,,,,,,,,,,,,,,普通住宅,,,,,,待售,,价格待定,,
,青山区,大华滨江天地三期铂金瑞府,,[二至中环]青山区园林路15号（临江大道与园林路交汇处）,,,,,,,,http://binjiangtiandidh.fang.com/3/,品牌地产,,,,,,,,,,,,,,,,普通住宅,,,,,,待售,,价格待定,,
,青山区,铁投江南御景,,[二至中环]青山区和平公园八大家转盘（冶金大道与工业一路交汇处）,,,,,,,,http://jiangnanyujingtt.fang.com/,品牌地产,,,,,,,,,,,,,,,,普通住宅,,,,,,待售,,价格待定,,
,青山区,武汉江山,,[内至二环]青山区临江大道和园林路交汇处,,,,,,,,http://wuhanjiangshan.fang.com/,"品牌地产,地铁沿线",,,,,,,,,,,,,,,,大平层,,,,,,待售,,价格待定,,
,青山区,御江壹品青山印,,[二至三环]青山区建设二路与抚顺街交汇处,,,,,,,,http://yujiangyipinqingshanyin.fang.com/,,,,,,,,,,,,,,,,,普通住宅,,,,,,待售,,价格待定,,
,青山区,联泰香域水岸,,[二至中环]青山区临江大道与建设四路交汇处（和平公园旁）,,,,,,,,http://xiangyushuianlt.fang.com/,"商住公寓,江景地产",,,,,,,,,,,,,,,,普通住宅,,,,,,在售,,14000,,
,青山区,青城荟,,[二至中环]青山区沿港路与冶金大道交汇处（冶金大道35号）,,,,,,,,http://qingchenghui.fang.com/,,,,,,,,,,,,,,,,,普通住宅,,,,,,在售,,12000,,
,青山区,联泰滨江中心,,[二至三环]青山区临江大道与建设四路交汇处（武汉市和平公园旁）,,,,,,,,http://binjiangzhongxinlt.fang.com/,,,,,,,,,,,,,,,,,商住公寓,,,,,,在售,,14000,,
,青山区,奥山世纪城澜橼道,,[内至二环]青山区二七大桥与和平大道交汇处（二七大桥南岸）,,,,,,,,http://shijichenglanyuandaoas.fang.com/,,,,,,,,,,,,,,,,,住宅底商,,,,,,在售,,27000,,
,青山区,,,[内至二环]青山区二七大桥与和平大道交汇处（二七大桥南岸）,,,,,,,,http://shijichenglanyuandaoas.fang.com/,,,,,,,,,,,,,,,,,住宅底商,,,,,,在售,,,,
,青山区,丽红广场,,[请选择]青山区白玉山康宁路与康美路交汇处（钢城十一小正对面）,,,,,,,,http://lihongguangchang.fang.com/,,,,,,,,,,,,,,,,,购物中心,,,,,,在售,,12000,,
,青山区,中交锦立方,,[二至中环]青山区建设九路与红钢二街交汇处（武汉市49中高中部旁）,,,,,,,,http://jinlifangzj.fang.com/,"品牌地产,低总价",,,,,,,,,,,,,,,,商住楼,,,,,,在售,,15500,,
,青山区,武汉宝业中心,,[二至三环]青山区建设一路与建港南街交汇处 （洪福美邻旁）,,,,,,,,http://baoyezhongxinwh.fang.com/,地铁沿线,,,,,,,,,,,,,,,,商住楼,,,,,,在售,,13000,,
,青山区,吾行里IEC,,[二至三环]青山区和平大道与建设二路交汇处(众圆广场斜对面),,,,,,,,http://wuxingliiec.fang.com/office/,,,,,,,,,,,,,,,,,标准写字楼,,,,,,在售,,14500,,
,青山区,中冶·39大街,,[二至三环]青山区武汉市青山区建设三路与旅大街交汇处,,,,,,,,http://39dajiezy.fang.com/,,,,,,,,,,,,,,,,,普通住宅,,,,,,待售,,价格待定,,
,青山区,百超物流工业园,,[中环以外]青山区青山环保科技产业园区·绿色中路88号（绿色中路与港北路交汇处）,,,,,,,,http://baichaowuliugongyeyuan.fang.com/,,,,,,,,,,,,,,,,,市场类商铺,,,,,,待售,,价格待定,,
,青山区,绿地香树花城二期商办,,[三至四环]青山区和平大道建设十一路1650号,,,,,,,,http://xiangshuhuachengld027.fang.com/shop/,,,,,,,,,,,,,,,,,购物中心,,,,,,待售,,价格待定,,
,新洲区,泊湖天下一期,,[四环以外]新洲区阳逻经济技术开发区（圆梦南路柴泊湖旁）,,,,,,,,http://bohutianxia.fang.com/,"双拼,不限购",,,,,,,,,,,,,,,,普通住宅,,,,,,在售,,8300,,
,新洲区,华星龙腾国际,,[四环以外]新洲区龙腾大道与新道公路交汇处（龙腾大道新道路口站约250米处）,,,,,,,,http://longtengguojihx.fang.com/,,,,,,,,,,,,,,,,,普通住宅,,,,,,在售,,6000,,
,新洲区,国瑞新港广场,,[四环以外]新洲区阳逻街汽渡路（阳逻街道办事处旁）,,,,,,,,http://xingangguangchanggr.fang.com/,低总价,,,,,,,,,,,,,,,,普通住宅,,,,,,在售,,6300,,
,新洲区,当代满庭春MOMΛ,,[四环以外]新洲区圆梦南路柴泊湖东岸（环湖路圆梦城公交站约500米处）,,,,,,,,http://mantingchundd.fang.com/,"住宅底商,不限购",,,,,,,,,,,,,,,,普通住宅,,,,,,待售,,价格待定,,
,新洲区,欣隆·湖滨半岛,,[四环以外]新洲区余泊路8号（界埠中心小学旁）,,,,,,,,http://hubinbandaoxl.fang.com/,"联排,现房",,,,,,,,,,,,,,,,普通住宅,,,,,,在售,,15000,,
,新洲区,香榭花都四期君域,,[四环以外]新洲区新城柴泊湖以北（近阳发路）,,,,,,,,http://xiangxiehuadu3.fang.com/,"湖景地产,旅游地产",,,,,,,,,,,,,,,,普通住宅,,,,,,待售,,价格待定,,
,新洲区,德雅国际城港澳湾,,[三至四环]新洲区阳逻风情大道1号（柴泊湖旁）,,,,,,,,http://guojichengdy.fang.com/1/,"品牌地产,不限购",,,,,,,,,,,,,,,,普通住宅,,,,,,待售,,价格待定,,
,新洲区,绿城桃李春风,,[四环以外]新洲区阳逻经济开发区管委会（21号线施岗站附近）,,,,,,,,http://taolichunfenglc027.fang.com/,,,,,,,,,,,,,,,,,普通住宅,,,,,,待售,,价格待定,,
,新洲区,东港国际广场,,[四环以外]新洲区平江西路南（客运站旁）,,,,,,,,http://donggangzhongxincheng.fang.com/,"景观居所,水景地产",,,,,,,,,,,,,,,,普通住宅,,,,,,在售,,6000,,
,新洲区,瀚华天地,,[四环以外]新洲区阳逻经济开发区管委会对面余泊路南（中央花园城旁）,,,,,,,,http://hanhuatiandi.fang.com/,"商住公寓,低总价",,,,,,,,,,,,,,,,普通住宅,,,,,,在售,,40,,
,新洲区,,,[四环以外]新洲区阳逻经济开发区管委会对面余泊路南（中央花园城旁）,,,,,,,,http://hanhuatiandi.fang.com/,"商住公寓,低总价",,,,,,,,,,,,,,,,普通住宅,,,,,,在售,,,,
,新洲区,武久阳光城,,[四环以外]新洲区阳逻环湖路（柴泊湖广场对面）,,,,,,,,http://wujiuyangguangcheng.fang.com/,"商住公寓,不限购",,,,,,,,,,,,,,,,普通住宅,,,,,,在售,,8300,,
,新洲区,振泰汪集豪庭,,[四环以外]新洲区汉新公路（汪集公交站往邾城方向20米）,,,,,,,,http://wangjihaotingzt.fang.com/,,,,,,,,,,,,,,,,,普通住宅,,,,,,在售,,4800,,
,新洲区,佳阳城市之星,,[四环以外]新洲区环湖路与高新街交汇处（环湖路泊湖湾公交站以东）,,,,,,,,http://chengshizhixingjy.fang.com/,不限购,,,,,,,,,,,,,,,,普通住宅,,,,,,在售,,8000,,
,新洲区,保利圆梦城,,[四环以外]新洲区新城柴泊湖以北（新洲一中阳逻校区斜对面）,,,,,,,,http://yuanmengchengbl.fang.com/,商住公寓,,,,,,,,,,,,,,,,普通住宅,,,,,,待售,,价格待定,,
,新洲区,上坤绿城,,[四环以外]新洲区邾城街衡州大道320号(衡州大道与博物大道正交汇处),,,,,,,,http://shangkunlvcheng.fang.com/,不限购,,,,,,,,,,,,,,,,普通住宅,,,,,,待售,,价格待定,,
,新洲区,佳阳翠湖里,,[四环以外]新洲区平江大道以西（口岸联检大楼旁）,,,,,,,,http://cuihulijy.fang.com/,,,,,,,,,,,,,,,,,商住楼,,,,,,待售,,价格待定,,
,新洲区,中央花园城E区,,[四环以外]新洲区新港柴泊湖畔（近余泊南路）,,,,,,,,http://zyhyceq.fang.com/,"品牌地产,湖景地产",,,,,,,,,,,,,,,,普通住宅,,,,,,待售,,价格待定,,
,新洲区,孔雀城问津兰亭,,[四环以外]新洲区问津大道与文昌大道交汇处,,,,,,,,http://wenjinlantingkqc.fang.com/,品牌地产,,,,,,,,,,,,,,,,普通住宅,,,,,,待售,,价格待定,,
,蔡甸区,富强都市乾元,,[中环以外]蔡甸区蔡甸大街汉阳一中正对面（蔡甸大街汉阳一中公交站斜对面300米,,,,,,,,http://dushiqianyuanfq.fang.com/,,,,,,,,,,,,,,,,,普通住宅,,,,,,待售,,价格待定,,
,蔡甸区,恒瑞上城,,[四环以外]蔡甸区蔡甸大街成功村（教育局南面，莲花湖大道与文兴路交汇处）,,,,,,,,http://hengruishangcheng.fang.com/,"住宅底商,不限购",,,,,,,,,,,,,,,,普通住宅,,,,,,待售,,价格待定,,
,蔡甸区,世茂龙湾,,[四环以外]蔡甸区大集街知音湖大道289号(知音湖大道与天鹅湖大道交汇处),,,,,,,,http://shimaolongwan.fang.com/,宜居生态地产,,,,,,,,,,,,,,,,商住楼,,,,,,在售,,180,,
,蔡甸区,中城上品,,[中环以外]蔡甸区汉江路与博奇路交汇处（蔡甸街工农社区居委会以东约400米）,,,,,,,,http://zhongchengshangpin.fang.com/,花园洋房,,,,,,,,,,,,,,,,普通住宅,,,,,,在售,,10000,,
,蔡甸区,龙庭华府,,[四环以外]蔡甸区汉阳大道与汉江路交汇处（泰佛工业园对面）,,,,,,,,http://longtinghuafu027.fang.com/,,,,,,,,,,,,,,,,,普通住宅,,,,,,待售,,价格待定,,
,汉南区,新长江香榭澜溪,,[中环以外]汉南区兴城大道与汉南大道交汇处（薇湖旁）,,,,,,,,http://xiangxielanxixcj.fang.com/,"商住公寓,湖景地产",,,,,,,,,,,,,,,,普通住宅,,,,,,在售,,6200,,
,蔡甸区,碧桂园领誉,,[四环以外]蔡甸区奓山老税务所附近（奓山村村委会旁）,,,,,,,,http://lingyubgy027.fang.com/,品牌地产,,,,,,,,,,,,,,,,普通住宅,,,,,,待售,,价格待定,,
,蔡甸区,福集华府,,[四环以外]蔡甸区大集街大集新城（大集政府对面）,,,,,,,,http://fujihuafu.fang.com/,,,,,,,,,,,,,,,,,普通住宅,,,,,,待售,,价格待定,,
,蔡甸区,中海尚城,,[四环以外]蔡甸区蔡甸大街新福路地铁站南侧临漳大道东,,,,,,,,http://zhonghaishangcheng027.fang.com/,"花园洋房,品牌地产",,,,,,,,,,,,,,,,普通住宅,,,,,,待售,,价格待定,,
,蔡甸区,湖墅观止,,[中环以外]蔡甸区天鹅湖大道6-9号（位于后官湖和知音湖之间）,,,,,,,,http://hushuguanzhi.fang.com/,水景地产,,,,,,,,,,,,,,,,别墅,,,,,,待售,,20000,,
,汉南区,武汉绿地城,,[中环以外]汉南区汉南区马影河大道（汉洪高速汉南出口处）,,,,,,,,http://lvdichengwh.fang.com/,"商住公寓,品牌地产",,,,,,,,,,,,,,,,普通住宅,,,,,,待售,,价格待定,,
,汉南区,锦深汉南公馆,,[四环以外]汉南区汉南区兴城大道与兴一路交汇处,,,,,,,,http://hannangongguanjs.fang.com/,,,,,,,,,,,,,,,,,普通住宅,,,,,,待售,,价格待定,,
,汉南区,星悦湾,,[四环以外]汉南区汉南区兴城大道与月亮湾路交汇处西200米（汉南一中斜对面）,,,,,,,,http://xingyuewan027.fang.com/,,,,,,,,,,,,,,,,,普通住宅,,,,,,待售,,价格待定,,
,蔡甸区,鑫聚·温莎半岛,,[中环以外]蔡甸区大集街曙光村鑫聚温莎半岛（老大沌路曙光村公交站路附近）,,,,,,,,http://wenshabandaoxj.fang.com/,水景地产,,,,,,,,,,,,,,,,别墅,,,,,,在售,,20000,,
,蔡甸区,,,[中环以外]蔡甸区大集街曙光村鑫聚温莎半岛（老大沌路曙光村公交站路附近）,,,,,,,,http://wenshabandaoxj.fang.com/,水景地产,,,,,,,,,,,,,,,,别墅,,,,,,在售,,,,
,蔡甸区,知音半岛,,[四环以外]蔡甸区后官湖北岸天鹅湖大道221号（人信千年美丽对面）,,,,,,,,http://zhiyinbandao.fang.com/,"独栋,水景地产",,,,,,,,,,,,,,,,普通住宅,,,,,,在售,,22500,,
,汉南区,江景湾,,[中环以外]汉南区兴城大道与兴一路交汇处（汉南一中旁）,,,,,,,,http://jiangjingwan027.fang.com/,,,,,,,,,,,,,,,,,普通住宅,,,,,,待售,,6300,,
,汉南区,碧桂园凰城,,[中环以外]汉南区马影河大道武汉碧桂园（汉洪高速汉南出口处）,,,,,,,,http://077842.fang.com/,"不限购,特色别墅",,,,,,,,,,,,,,,,别墅,,,,,,待售,,价格待定,,
,汉南区,汉南天地,,[四环以外]汉南区纱帽正街与滨河大道交汇处（新人民医院西行200米）,,,,,,,,http://hannantiandi.fang.com/,,,,,,,,,,,,,,,,,普通住宅,,,,,,待售,,价格待定,,
,汉南区,东庭郡园,,[中环以外]汉南区兴城大道与兴一路交汇处（安康医院旁）,,,,,,,,http://dongtingjunyuan.fang.com/,低总价,,,,,,,,,,,,,,,,普通住宅,,,,,,待售,,价格待定,,
,蔡甸区,武汉中国健康谷,,[中环以外]蔡甸区王家湾以西汉阳大道与五贤路交汇处（铁铺站旁）,,,,,,,,http://zhongguojiankangguwh.fang.com/,花园洋房,,,,,,,,,,,,,,,,普通住宅,,,,,,在售,,12500,,
,蔡甸区,汉水新城中法印象,,[中环以外]蔡甸区王家湾西琴台大道延长线（中法友谊大桥旁）,,,,,,,,http://zhongfayinxianghsxc.fang.com/,,,,,,,,,,,,,,,,,普通住宅,,,,,,待售,,价格待定,,
,蔡甸区,玉金山墅,,[中环以外]蔡甸区索河镇金龙水寨（蔡甸龚侏线旁）,,,,,,,,http://yujinshanshu.fang.com/,,,,,,,,,,,,,,,,,别墅,,,,,,待售,,价格待定,,
,蔡甸区,依山龙郡,,[中环以外]蔡甸区成功大道与茂兴路交汇处（蔡甸区幼儿园对面）,,,,,,,,http://yishanlongjun.fang.com/,花园洋房,,,,,,,,,,,,,,,,普通住宅,,,,,,待售,,价格待定,,
,汉南区,大学城金街,,[四环以外]汉南区纱帽街669号（湖北国土资源职业学院旁）,,,,,,,,http://daxuechengjinjie.fang.com/,,,,,,,,,,,,,,,,,购物中心,,,,,,在售,,18000,,
,汉南区,天仪豪庭,,[四环以外]汉南区汉南区兴城大道西侧（纱帽派出所旁）,,,,,,,,http://tianyihaoting027.fang.com/,,,,,,,,,,,,,,,,,普通住宅,,,,,,待售,,价格待定,,
,汉南区,,,[四环以外]汉南区汉南区兴城大道西侧（纱帽派出所旁）,,,,,,,,http://tianyihaoting027.fang.com/,,,,,,,,,,,,,,,,,普通住宅,,,,,,待售,,,,
,汉南区,庭瑞君悦观澜,,[四环以外]汉南区汉南区纱帽正街与坛山路交汇处,,,,,,,,http://junyueguanlantr.fang.com/,,,,,,,,,,,,,,,,,普通住宅,,,,,,待售,,价格待定,,
,蔡甸区,海山幸福湾,,[中环以外]蔡甸区袁家台（新农三官村附近）,,,,,,,,http://xingfuwanhs.fang.com/,,,,,,,,,,,,,,,,,普通住宅,,,,,,待售,,价格待定,,
,蔡甸区,绿地美湖,,[中环以外]蔡甸区天鹅湖大道北知音湖畔（九房湾附近）,,,,,,,,http://lvdimeihu.fang.com/,品牌地产,,,,,,,,,,,,,,,,别墅,,,,,,待售,,价格待定,,
,蔡甸区,凯德悦湖,,[中环以外]蔡甸区汉阳大道与知音湖大道交汇处（知音的湖公交站附近）,,,,,,,,http://kaideyuehu.fang.com/,,,,,,,,,,,,,,,,,普通住宅,,,,,,待售,,价格待定,,
,蔡甸区,中国核建锦城,,[中环以外]蔡甸区汉阳大道中核世纪广场对面（新天大道以南，汉蔡高速以北）,,,,,,,,http://jinchengzghj.fang.com/,,,,,,,,,,,,,,,,,普通住宅,,,,,,待售,,价格待定,,
,蔡甸区,三和剑桥城,,[中环以外]蔡甸区蔡甸大街和西环路交汇处（汉阳一中旁）,,,,,,,,http://jianqiaochengsanhe.fang.com/,低总价,,,,,,,,,,,,,,,,普通住宅,,,,,,待售,,价格待定,,
,东湖高新区,驿山高尔夫,,[中环以外]东湖高新区高新大道789号（高新大道与光谷六路交汇处）,,,,,,,,http://yishangaoerfu.fang.com/,山景地产,,,,,,,,,,,,,,,,别墅,,,,,,待售,,价格待定,,
,东湖高新区,宝业光谷丽都,,[二至三环]东湖高新区龙城路与天际路交汇处（光谷五小附近）,,,,,,,,http://guangguliduby.fang.com/,教育地产,,,,,,,,,,,,,,,,普通住宅,,,,,,待售,,价格待定,,
,东湖高新区,联投花山郡,,[三至四环]东湖高新区花山生态新城花城大道1号（严西湖大桥下桥处）,,,,,,,,http://huashanjunlt.fang.com/,湖景地产,,,,,,,,,,,,,,,,普通住宅,,,,,,待售,,价格待定,,
,东湖高新区,顺民宜盛花园,,[二至三环]东湖高新区光谷一路和南湖大道交汇处（黄龙山隧道旁）,,,,,,,,http://yishenghuayuansm.fang.com/,地铁沿线,,,,,,,,,,,,,,,,普通住宅,,,,,,待售,,价格待定,,
,东湖高新区,联投花山郡别墅,,[中环以外]东湖高新区花山生态新城花城大道1号（严西湖大桥下桥处）,,,,,,,,http://huashanjunlt.fang.com/villa/,湖景地产,,,,,,,,,,,,,,,,别墅,,,,,,待售,,价格待定,,
,东湖高新区,光谷悦城,,[二至三环]东湖高新区光谷一路与高新二路交汇处（金龙凯旋建材家俱广场对面）,,,,,,,,http://guangguyuecheng.fang.com/,"复合地产,景观居所",,,,,,,,,,,,,,,,普通住宅,,,,,,待售,,价格待定,,
,东湖高新区,光谷188国际社区,,[三至四环]东湖高新区高科园路与神墩二路交汇处（光谷六路站旁）,,,,,,,,http://188guojishequgg.fang.com/,,,,,,,,,,,,,,,,,普通住宅,,,,,,待售,,价格待定,,
,东湖高新区,泛悦城,,[二至三环]东湖高新区关山大道与珞喻路交汇处（华中科技大学正对面）,,,,,,,,http://fanyuecheng.fang.com/,品牌地产,,,,,,,,,,,,,,,,普通住宅,,,,,,待售,,价格待定,,
,东湖高新区,泷悦华府,,[二至三环]东湖高新区关山大道与高新大道交汇处（武汉市东湖开发区人民检察院旁）,,,,,,,,http://longyuehuafu.fang.com/,"花园洋房,品牌地产",,,,,,,,,,,,,,,,普通住宅,,,,,,待售,,价格待定,,
,东湖高新区,联投驿园,,[三至四环]东湖高新区高新大道与光谷六路交汇处（地铁11号线光谷六路站）,,,,,,,,http://liantouyiyuan.fang.com/,"标准写字楼,品牌地产",,,,,,,,,,,,,,,,普通住宅,,,,,,待售,,价格待定,,
,东湖高新区,,,[三至四环]东湖高新区高新大道与光谷六路交汇处（地铁11号线光谷六路站）,,,,,,,,http://liantouyiyuan.fang.com/,"标准写字楼,品牌地产",,,,,,,,,,,,,,,,普通住宅,,,,,,待售,,,,
,东湖高新区,琨瑜府,,[二至三环]东湖高新区关山大道与光谷创业街交汇处,,,,,,,,http://kunyufu027.fang.com/,标准写字楼,,,,,,,,,,,,,,,,普通住宅,,,,,,待售,,价格待定,,
,东湖高新区,当代国际花园商铺,,[中环以外]东湖高新区光谷大道与中环线交汇处（金融港对面）,,,,,,,,http://guojihuayuandd.fang.com/shop/,,,,,,,,,,,,,,,,,住宅底商,,,,,,在售,,20000,,
,东湖高新区,保利时代商铺,,[二至中环]东湖高新区关山大道332号（哈乐城旁）,,,,,,,,http://baolishidai.fang.com/shop/,"品牌地产,地铁沿线",,,,,,,,,,,,,,,,住宅底商,,,,,,待售,,价格待定,,
,东湖高新区,葛洲坝太阳城,,[中环以外]东湖高新区高新四路与佛祖岭三路交汇处（武重集团附近）,,,,,,,,http://gezhoubataiyangcheng.fang.com/,,,,,,,,,,,,,,,,,总部园区,,,,,,在售,,4000,,
,东湖高新区,光谷汇金中心,,[中环以外]东湖高新区金融港四路18号（光谷金融港对面）,,,,,,,,http://huijinzhongxingg.fang.com/,,,,,,,,,,,,,,,,,总部园区,,,,,,在售,,13000,,
,东湖高新区,现代光谷世贸中心,,[二至中环]东湖高新区光谷大道与关南园路交汇处（光谷大道41号）,,,,,,,,http://shimaozhongxinxd.fang.com/,,,,,,,,,,,,,,,,,标准写字楼,,,,,,在售,,12000,,
,东湖高新区,光谷科技港,,[中环以外]东湖高新区大学园路与华师园北路交汇处,,,,,,,,http://guanggukejigang.fang.com/,,,,,,,,,,,,,,,,,标准写字楼,,,,,,在售,,8700,,
,东湖高新区,武汉软件新城,,[中环以外]东湖高新区花城大道特1号（花城大道与花山大道交汇处）,,,,,,,,http://ruanjianxinchengwh.fang.com/,酒店式公寓,,,,,,,,,,,,,,,,标准写字楼,,,,,,在售,,6800,,
,东湖高新区,沃德中心,,[中环以外]东湖高新区高新大道780号（十五冶西边，东湖开发区管委会斜对面）,,,,,,,,http://wodezhongxinwh.fang.com/,总部园区,,,,,,,,,,,,,,,,标准写字楼,,,,,,在售,,15400,,
,东湖高新区,光谷动力节能环保产业园,,[中环以外]东湖高新区光谷大道308号（光谷大道和凤凰园中路交汇处）,,,,,,,,http://dljnhbcyygg.fang.com/,,,,,,,,,,,,,,,,,标准写字楼,,,,,,在售,,6000,,
,洪山区,正堂时代,,[内至二环]洪山区欢乐大道9号(欢乐大道与杨园南路交汇处),,,,,,,,http://zhengtangshidai.fang.com/,,,,,,,,,,,,,,,,,标准写字楼,,,,,,在售,,20000,,
,洪山区,揽胜公园,,[二至中环]洪山区南湖大道与狮子山北路交汇处,,,,,,,,http://lanshenggongyuan.fang.com/,,,,,,,,,,,,,,,,,普通住宅,,,,,,在售,,22000,,
,洪山区,南湖半岛,,[二至中环]洪山区南湖北岸特1号（名都花园后618终点站）,,,,,,,,http://dahudingbang.fang.com/,"现房,景观居所",,,,,,,,,,,,,,,,普通住宅,,,,,,在售,,27800,,
,洪山区,金地自在城,,[二至中环]洪山区团结大道地铁4号线仁和路出口处（欢乐谷旁）,,,,,,,,http://zizaichengjd027.fang.com/,品牌地产,,,,,,,,,,,,,,,,商住楼,,,,,,在售,,12500,,
,洪山区,万科翡翠云台,,[二至中环]洪山区浅水湾路9号,,,,,,,,http://feicuiyuntaiwk.fang.com/,,,,,,,,,,,,,,,,,普通住宅,,,,,,在售,,32000,,
,洪山区,东湖楚天府SOHO,,[二至中环]洪山区八一路340号（武汉大学对面）,,,,,,,,http://chutianfusohodh.fang.com/,小户型,,,,,,,,,,,,,,,,商住楼,,,,,,在售,,26000,,
,洪山区,泰然南湖玫瑰湾,,[二至中环]洪山区狮子山街苫风咀8号(中百仓储旁),,,,,,,,http://nanhumeiguiwantr.fang.com/,"花园洋房,景观居所",,,,,,,,,,,,,,,,普通住宅,,,,,,待售,,价格待定,,
,洪山区,万科金色城市,,[二至中环]洪山区白沙五路1号（武昌南·三环内·白沙高架旁）,,,,,,,,http://jinsechengshiwk.fang.com/,"教育地产,景观居所",,,,,,,,,,,,,,,,普通住宅,,,,,,待售,,价格待定,,
,洪山区,保利城,,[内至二环]洪山区团结大道铁机路交叉口（梨园中学附近）,,,,,,,,http://baolicheng027.fang.com/,"商住公寓,品牌地产",,,,,,,,,,,,,,,,普通住宅,,,,,,待售,,价格待定,,
,洪山区,爱家名校华城,,[中环以外]洪山区白沙洲大道5号（武汉华中城对面）,,,,,,,,http://youyouchengwhaj.fang.com/,湖景地产,,,,,,,,,,,,,,,,普通住宅,,,,,,待售,,价格待定,,
,洪山区,,,[中环以外]洪山区白沙洲大道5号（武汉华中城对面）,,,,,,,,http://youyouchengwhaj.fang.com/,湖景地产,,,,,,,,,,,,,,,,普通住宅,,,,,,待售,,,,
,洪山区,楚天都市沁园,,[中环以外]洪山区白沙洲烽胜路黄家湖正北岸（三环线烽胜路出口）,,,,,,,,http://dushiqinyuanct.fang.com/,,,,,,,,,,,,,,,,,普通住宅,,,,,,待售,,价格待定,,
,洪山区,杨春湖畔,,[二至中环]洪山区友谊大道与杨春湖路交汇处（杨春湖社区卫生站对面）,,,,,,,,http://yangchunhupanzgtj.fang.com/,,,,,,,,,,,,,,,,,普通住宅,,,,,,待售,,价格待定,,
,洪山区,保利城SOHO中心,,[内至二环]洪山区团结大道与铁机路交汇处（武汉市铁机路学校附近）,,,,,,,,http://baolichengsohozhongxin.fang.com/,品牌地产,,,,,,,,,,,,,,,,商住楼,,,,,,待售,,价格待定,,
,洪山区,楚天都市沁园别墅,,[二至三环]洪山区洪山街烽胜路黄家湖正北岸（彩虹郡旁）,,,,,,,,http://qinyuanctds.fang.com/villa/,低密居所,,,,,,,,,,,,,,,,别墅,,,,,,待售,,价格待定,,
,洪山区,巴黎春天澜墅,,[三至四环]洪山区文化大道旁,,,,,,,,http://balichuntian027.fang.com/villa/,地铁沿线,,,,,,,,,,,,,,,,别墅,,,,,,待售,,价格待定,,
,洪山区,南国大家装江南店,,[内至二环]洪山区珞狮路与雄楚大道交汇处（珞狮路马房山公交站旁）,,,,,,,,http://dawuhanjiangnandianng.fang.com/shop/,"LOFT,复合地产",,,,,,,,,,,,,,,,购物中心,,,,,,在售,,20000,,
,洪山区,金地自在城金地广场,,[二至中环]洪山区团结大道和仁和路交汇处（地铁仁和路出口）,,,,,,,,http://jindiguangchangjdzzc.fang.com/,,,,,,,,,,,,,,,,,市场类商铺,,,,,,在售,,25000,,
,洪山区,复地悦城商铺,,[二至三环]洪山区白沙洲大道与烽胜路交汇处（张家湾社区旁）,,,,,,,,http://fudiyuecheng027.fang.com/shop/,,,,,,,,,,,,,,,,,住宅底商,,,,,,在售,,25000,,
,洪山区,缤购城,,[二至中环]洪山区南湖恒安路与富安街交汇处（原南湖驾校）,,,,,,,,http://tianxiamingrennanhuguangchang.fang.com/,,,,,,,,,,,,,,,,,购物中心,,,,,,待售,,价格待定,,
,洪山区,永利国际大厦,,[二至中环]洪山区雄楚大道杨家湾（地铁2号线杨家湾站A出口）,,,,,,,,http://yongliguojidasha.fang.com/,,,,,,,,,,,,,,,,,商住公寓,,,,,,在售,,16000,,
,江岸区,星悦城华廷,,[二至三环]江岸区塔子湖西路1号（后湖大道与塔子湖西路交汇处）,,,,,,,,http://xingyuecheng.fang.com/4/,,,,,,,,,,,,,,,,,普通住宅,,,,,,待售,,价格待定,,
,江岸区,美联联邦生活区二期城仕,,[二至三环]江岸区兴业路与文博路交汇处（华中图书交易中心对面）,,,,,,,,http://lianbangshenghuoquml.fang.com/2/,,,,,,,,,,,,,,,,,普通住宅,,,,,,待售,,价格待定,,
,江岸区,百步亭现代城三区商铺,,[二至三环]江岸区百步亭花园路6号(汉口银行百步亭支行旁),,,,,,,,http://baibutingxiandaicheng.fang.com/3/,品牌地产,,,,,,,,,,,,,,,,住宅底商,,,,,,在售,,21000,,
,江岸区,ZAMA欧亚达国际家居广场,,[二至三环]江岸区金桥大道与井南路交汇处（市民之家100米处）,,,,,,,,http://zamahui.fang.com/,地铁沿线,,,,,,,,,,,,,,,,购物中心,,,,,,在售,,40000,,
,江岸区,星悦城星都汇,,[二至三环]江岸区塔子湖西路1号（后湖大道与塔子湖西路交汇处）,,,,,,,,http://xingyuecheng.fang.com/shop/,"现房,景观居所",,,,,,,,,,,,,,,,住宅底商,,,,,,在售,,30000,,
,江岸区,金桥壹号商铺,,[二至三环]江岸区金桥大道与兴业路交汇处（紧邻地铁3号线兴业路站）,,,,,,,,http://jinqiaoyihao.fang.com/shop/,,,,,,,,,,,,,,,,,住宅底商,,,,,,在售,,17000,,
,江岸区,融创融公馆商铺,,[二至三环]江岸区和谐大道以北（地铁6号线杨汊湖站200米处）,,,,,,,,http://ronggongguanrc027.fang.com/shop/,品牌地产,,,,,,,,,,,,,,,,住宅底商,,,,,,在售,,40000,,
,江岸区,高雄88号,,[内至二环]江岸区高雄路88号（香港路儿童医院对面）,,,,,,,,http://gaoxiong88hao.fang.com/,,,,,,,,,,,,,,,,,标准写字楼,,,,,,在售,,21000,,
,江岸区,立城中心,,[二至三环]江岸区后湖大道与塔子湖东路交汇处（长投海德公园旁）,,,,,,,,http://lichengzhongxinshangwulou.fang.com/office/,地铁沿线,,,,,,,,,,,,,,,,标准写字楼,,,,,,在售,,15500,,
,江岸区,新地东方广场,,[二至三环]江岸区兴业路与后湖五路交汇处（东方明珠旁）,,,,,,,,http://vkekongjianxd.fang.com/,,,,,,,,,,,,,,,,,商住公寓,,,,,,在售,,14500,,
,江岸区,,,[二至三环]江岸区兴业路与后湖五路交汇处（东方明珠旁）,,,,,,,,http://vkekongjianxd.fang.com/,,,,,,,,,,,,,,,,,商住公寓,,,,,,在售,,,,
,江岸区,统百中心,,[二至三环]江岸区江岸区百步亭花园路160-162号（后湖大道与百步亭花园路交汇处）,,,,,,,,http://tongbaizhongxinxfsd.fang.com/,,,,,,,,,,,,,,,,,标准写字楼,,,,,,在售,,16400,,
,江岸区,二七星城,,[二至三环]江岸区后湖大道和建设大道延长线交汇处（汉口城市广场正对面）,,,,,,,,http://erqixingcheng.fang.com/,"商住公寓,小户型",,,,,,,,,,,,,,,,普通住宅,,,,,,待售,,价格待定,,
,江岸区,汉口派,,[二至三环]江岸区解放大道与后湖大道交汇处（轻轨1号线新荣站旁）,,,,,,,,http://hankoupai.fang.com/,商住公寓,,,,,,,,,,,,,,,,普通住宅,,,,,,待售,,价格待定,,
,江岸区,泓博朗诗悦府,,[二至三环]江岸区兆瑞大道和三环线之间（中环商贸城北侧）,,,,,,,,http://langshiyuefuhb.fang.com/,品牌地产,,,,,,,,,,,,,,,,普通住宅,,,,,,待售,,价格待定,,
,江岸区,首地云梦台,,[二至三环]江岸区华岭路66号（市民之家旁）,,,,,,,,http://yunmengtaisd.fang.com/,"住宅底商,地铁沿线",,,,,,,,,,,,,,,,普通住宅,,,,,,待售,,价格待定,,
,江岸区,城开云悦邸,,[二至三环]江岸区后湖大道与解放大道交汇处（新荣客运站斜对面）,,,,,,,,http://yunyuedick.fang.com/,品牌地产,,,,,,,,,,,,,,,,普通住宅,,,,,,待售,,价格待定,,
,江岸区,外滩柒号,,[内至二环]江岸区沿江大道与三阳路交汇处（三阳路8号）,,,,,,,,http://waitanqihao.fang.com/,,,,,,,,,,,,,,,,,商住公寓,,,,,,待售,,价格待定,,
,江岸区,华润桃源里商铺,,[内至二环]江岸区台北路和台北一路交汇处（台北路96号）,,,,,,,,http://taoyuanlihr027.fang.com/shop/,"品牌地产,现房",,,,,,,,,,,,,,,,住宅底商,,,,,,待售,,价格待定,,
,东西湖区,鸿达中央广场,,[三至四环]东西湖区轻轨1号线（五环大道旁）,,,,,,,,http://hongdazhongyangguangchang.fang.com/,,,,,,,,,,,,,,,,,普通住宅,,,,,,在售,,13000,,
,东西湖区,佳柏现代城,,[二至三环]东西湖区东西湖大道与四明路交汇处 （东西湖区交通运输局附近）,,,,,,,,http://jiabaixiandaicheng.fang.com/,地铁沿线,,,,,,,,,,,,,,,,商住楼,,,,,,在售,,11000,,
,东西湖区,立方时空,,[三至四环]东西湖区东西湖大道与三秀路交汇处（1号线汉五环大道站约400米处）,,,,,,,,http://lifangshikong.fang.com/,,,,,,,,,,,,,,,,,商住楼,,,,,,在售,,16000,,
,东西湖区,恒大城悦湖公馆,,[三至四环]东西湖区金银湖环湖路43号（万科西半岛小区对面）,,,,,,,,http://yuehugongguanhdc.fang.com/,小户型,,,,,,,,,,,,,,,,商住楼,,,,,,在售,,12000,,
,东西湖区,金银潭文化广场楚商大厦,,[三至四环]东西湖区金银潭大道68号（地铁常青城站对面）,,,,,,,,http://jinyintanwenhuaguangchangcs.fang.com/,,,,,,,,,,,,,,,,,商住楼,,,,,,在售,,16500,,
,东西湖区,华星融城,,[三至四环]东西湖区姑李路88号（常青花园东入口）,,,,,,,,http://huaxingrongcheng.fang.com/,地铁沿线,,,,,,,,,,,,,,,,普通住宅,,,,,,待售,,价格待定,,
,东西湖区,地铁时代常青城,,[三至四环]东西湖区金银潭大道43号常青车辆段（常青金银潭以北）,,,,,,,,http://changqingchengdtsd.fang.com/,"商住公寓,品牌地产",,,,,,,,,,,,,,,,普通住宅,,,,,,待售,,价格待定,,
,东西湖区,美联奥林匹克花园五期,,[三至四环]东西湖区马池路与机场高速交汇处（地铁二号线金银潭站旁）,,,,,,,,http://aolinpikehuayuanml.fang.com/5/,,,,,,,,,,,,,,,,,普通住宅,,,,,,待售,,价格待定,,
,东西湖区,金湖听语,,[三至四环]东西湖区金山大道地铁6号线金银湖站（金银湖南一街与环湖西路交汇处）,,,,,,,,http://jinhutingyu.fang.com/,,,,,,,,,,,,,,,,,普通住宅,,,,,,待售,,价格待定,,
,东西湖区,常青花园恒大御景,,[三至四环]东西湖区常青花园6号（地铁2号线金银潭B2出口）,,,,,,,,http://changqinghuayuanhd.fang.com/,"品牌地产,地铁沿线",,,,,,,,,,,,,,,,普通住宅,,,,,,待售,,价格待定,,
,东西湖区,,,[三至四环]东西湖区常青花园6号（地铁2号线金银潭B2出口）,,,,,,,,http://changqinghuayuanhd.fang.com/,"品牌地产,地铁沿线",,,,,,,,,,,,,,,,普通住宅,,,,,,待售,,,,
,东西湖区,沿海赛洛城商铺,,[三至四环]东西湖区金山大道武汉沿海赛洛城2008号,,,,,,,,http://yanhaisailuocheng027.fang.com/,,,,,,,,,,,,,,,,,住宅底商,,,,,,在售,,20000,,
,东西湖区,汇通公路港,,[三至四环]东西湖区走马岭街107国道东、南十支沟南,,,,,,,,http://gongluganght.fang.com/,,,,,,,,,,,,,,,,,写字楼商铺,,,,,,在售,,15500,,
,东西湖区,美安国际电商物流城,,[三至四环]东西湖区走马岭九支沟（汉湖村站）,,,,,,,,http://guojidianshangwuliuchengma.fang.com/shop/,,,,,,,,,,,,,,,,,购物中心,,,,,,在售,,15000,,
,东西湖区,舵落口广场陶瓷卫浴博览中心,,[三至四环]东西湖区东西湖区东西湖大道特一号（轻轨额头湾站）,,,,,,,,http://dlkgctcwyblzx.fang.com/shop/,地铁沿线,,,,,,,,,,,,,,,,市场类商铺,,,,,,在售,,26000,,
,东西湖区,武汉自贸城,,[三至四环]东西湖区107国道与高桥二路交叉口（保税物流中心旁边）,,,,,,,,http://zimaochengwh.fang.com/,不限购,,,,,,,,,,,,,,,,购物中心,,,,,,在售,,17000,,
,东西湖区,花样年花样城芝麻唐商业街,,[三至四环]东西湖区金银湖柏环一路6号（气象局旁）,,,,,,,,http://huayangchenghyn027.fang.com/shop/,低密居所,,,,,,,,,,,,,,,,住宅底商,,,,,,在售,,20000,,
,东西湖区,武汉客厅梦想特区,,[三至四环]东西湖区金银潭宏图路8号（金银潭大道与宏图路交汇处）,,,,,,,,http://mengxiangtequwhkt.fang.com/,品牌地产,,,,,,,,,,,,,,,,标准写字楼,,,,,,在售,,18000,,
,东西湖区,中建壹品澜湾,,[三至四环]东西湖区沿海赛洛城南路（北大附中以南）,,,,,,,,http://zhongjianyipin027.fang.com/,品牌地产,,,,,,,,,,,,,,,,普通住宅,,,,,,待售,,价格待定,,
,东西湖区,融创观澜府,,[三至四环]东西湖区金山大道与二雅路交汇处（沿海赛洛城旁）,,,,,,,,http://guanlanfurc.fang.com/,品牌地产,,,,,,,,,,,,,,,,普通住宅,,,,,,待售,,价格待定,,
,东西湖区,中南熙悦,,[三至四环]东西湖区新城一路与经二路交汇（东西湖会议中心旁）,,,,,,,,http://zhongnanxiyue027.fang.com/,"品牌地产,地铁沿线",,,,,,,,,,,,,,,,普通住宅,,,,,,待售,,价格待定,,
,汉阳区,绿地悦澜湾,,[二至中环]汉阳区四新北路601号（武汉三中斜对面）,,,,,,,,http://yuelanwanld027.fang.com/,"花园洋房,品牌地产",,,,,,,,,,,,,,,,普通住宅,,,,,,在售,,13500,,
,汉阳区,卧龙墨水湖边领墅,,[二至中环]汉阳区江城大道与墨水湖南路交汇处（墨水湖南岸）,,,,,,,,http://moshuihubianwl.fang.com/villa/,品牌地产,,,,,,,,,,,,,,,,别墅,,,,,,在售,,32000,,
,汉阳区,美好广场,,[二至中环]汉阳区马鹦路与马沧湖路交汇处（宝马4S店对面）,,,,,,,,http://meihaoguangchang.fang.com/,小户型,,,,,,,,,,,,,,,,商住公寓,,,,,,在售,,13500,,
,汉阳区,当代万国城MOMA,,[二至三环]汉阳区孟家铺地铁B出口100米处（汉阳大道与建园路交汇处）,,,,,,,,http://wanguochengdd.fang.com/,品牌地产,,,,,,,,,,,,,,,,普通住宅,,,,,,在售,,15500,,
,汉阳区,世茂锦绣长江,,[内至二环]汉阳区滨江大道188号（中百仓储旁，武汉三十二中对面）,,,,,,,,http://jinxiuchangjiangsm.fang.com/,,,,,,,,,,,,,,,,,普通住宅,,,,,,待售,,价格待定,,
,汉阳区,中国中铁世纪金桥,,[二至中环]汉阳区四新大道与连通港路交汇处（连通港西路梅林三街公交站附近）,,,,,,,,http://shijijinqiaozt.fang.com/,花园洋房,,,,,,,,,,,,,,,,普通住宅,,,,,,待售,,价格待定,,
,汉阳区,王家湾中央生活区,,[二至三环]汉阳区汉阳大道与龙阳湖东路交汇处（武汉老交管局西侧）,,,,,,,,http://zhongyangshenghuoquwjw.fang.com/,地铁沿线,,,,,,,,,,,,,,,,商住楼,,,,,,待售,,价格待定,,
,汉阳区,名流印象,,[二至中环]汉阳区墨水湖南路与江堤中路交汇处（领馆区旁）,,,,,,,,http://mingliuyinxiang027.fang.com/,品牌地产,,,,,,,,,,,,,,,,普通住宅,,,,,,待售,,价格待定,,
,汉阳区,广电兰亭盛荟,,[二至中环]汉阳区江堤中路三中旁（江堤中路与四新北路交汇处）,,,,,,,,http://lantingshenghuigd.fang.com/,地铁沿线,,,,,,,,,,,,,,,,普通住宅,,,,,,待售,,价格待定,,
,汉阳区,绿地国博财富中心,,[二至中环]汉阳区四新北路111号（鹦鹉大道与四新北路交汇处）,,,,,,,,http://guobocaifuzhongxinld.fang.com/zhuzhai/,,,,,,,,,,,,,,,,,商住公寓,,,,,,待售,,20000,,
,汉阳区,,,[二至中环]汉阳区四新北路111号（鹦鹉大道与四新北路交汇处）,,,,,,,,http://guobocaifuzhongxinld.fang.com/zhuzhai/,,,,,,,,,,,,,,,,,商住公寓,,,,,,待售,,,,
,汉阳区,新阳广场,,[二至三环]汉阳区四新大道与芳草路交汇处（新区公园以东500米）,,,,,,,,http://xinchengyangguangguojiguangchang.fang.com/,地铁沿线,,,,,,,,,,,,,,,,商住楼,,,,,,待售,,15000,,
,汉阳区,万科新世纪翡翠滨江,,[二至三环]汉阳区琴台大道888号（知音桥头·琴台大道与二环线交汇处）,,,,,,,,http://hanjiangwanxsj.fang.com/,"品牌地产,江景地产",,,,,,,,,,,,,,,,普通住宅,,,,,,待售,,价格待定,,
,汉阳区,兴华御水澜湾,,[二至中环]汉阳区墨水湖南路与连通港路交汇处（领馆区正对面）,,,,,,,,http://yushuilanwanxh.fang.com/,,,,,,,,,,,,,,,,,普通住宅,,,,,,待售,,价格待定,,
,汉阳区,恒大翡翠华庭,,[二至三环]汉阳区四新南路与连通港西路交汇处（江城明珠旁）,,,,,,,,http://feicuihuatinghd027.fang.com/,"品牌地产,地铁沿线",,,,,,,,,,,,,,,,普通住宅,,,,,,待售,,价格待定,,
,汉阳区,光明上海府邸,,[二至中环]汉阳区四新北路与子期路交汇处（四新北路江城大道公交站附近）,,,,,,,,http://shanghaifudigm.fang.com/,品牌地产,,,,,,,,,,,,,,,,公租房,,,,,,待售,,价格待定,,
,汉阳区,中核时代广场,,[二至中环]汉阳区江城大道与梅林四街交叉口东南角（中医院斜对面）,,,,,,,,http://shidaiguangchangzh.fang.com/,,,,,,,,,,,,,,,,,普通住宅,,,,,,待售,,价格待定,,
,汉阳区,华发未来荟,,[二至三环]汉阳区江城大道与四新南路交汇处（路虎4S店对面）,,,,,,,,http://weilaihuihf.fang.com/,"品牌地产,小户型",,,,,,,,,,,,,,,,普通住宅,,,,,,待售,,价格待定,,
,汉阳区,阳光城十里新城,,[二至三环]汉阳区墨水湖北路与星火路交汇处（武汉卷烟厂旁）,,,,,,,,http://shilixinchengygc.fang.com/,住宅底商,,,,,,,,,,,,,,,,普通住宅,,,,,,待售,,价格待定,,
,汉阳区,世茂锦绣长江W+,,[内至二环]汉阳区滨江大道188号,,,,,,,,http://jinxiuchangjiangsm.fang.com/shop/,"水景地产,豪华居住区",,,,,,,,,,,,,,,,市场类商铺,,,,,,在售,,27000,,
,汉阳区,WM我们的垂直社交圈,,[二至中环]汉阳区王家湾商圈（地铁3号线龙阳村站C出口）,,,,,,,,http://wmwmdczsjq.fang.com/,"小户型,地铁沿线",,,,,,,,,,,,,,,,标准写字楼,,,,,,待售,,价格待定,,
,江汉区,中城悦城,,[内至二环]江汉区武汉CBD发展大道与振兴三路交汇处（振兴三路东侧）,,,,,,,,http://zhongchengyuecheng.fang.com/,,,,,,,,,,,,,,,,,普通住宅,,,,,,待售,,价格待定,,
,江汉区,远洋心汉口二期,,[二至中环]江汉区常青路与发展大道交汇处（汉口火车站附近）,,,,,,,,http://xinhankouyy.fang.com/2/,,,,,,,,,,,,,,,,,商住楼,,,,,,待售,,价格待定,,
,江汉区,泛海国际SOHO城尚街,,[内至二环]江汉区武汉中央商务区淮海路中段,,,,,,,,http://guojisohochengshangjiefh.fang.com/,,,,,,,,,,,,,,,,,写字楼商铺,,,,,,在售,,40000,,
,江汉区,新长江CBD中心,,[内至二环]江汉区常青路与后襄河北路交汇处（武汉中央商务区旁）,,,,,,,,http://cbdzhongxinxcj.fang.com/shop/,,,,,,,,,,,,,,,,,标准写字楼,,,,,,在售,,18000,,
,江汉区,远洋心汉口商铺,,[二至三环]江汉区常青路与发展大道交汇处（汉口火车站附近）,,,,,,,,http://xinhankouyy.fang.com/shop/,,,,,,,,,,,,,,,,,住宅底商,,,,,,在售,,30000,,
,江汉区,越秀国际金融汇商铺,,[内至二环]江汉区精武路1号（新华路体育馆对面）,,,,,,,,http://guojijinronghuiyx.fang.com/shop/,品牌地产,,,,,,,,,,,,,,,,住宅底商,,,,,,待售,,价格待定,,
,江汉区,新世界中心,,[内环以内]江汉区解放大道634号(航空路口立交桥南侧),,,,,,,,http://huihaodi.fang.com/office/,,,,,,,,,,,,,,,,,标准写字楼,,,,,,在售,,26000,,
,江汉区,ICC武汉环贸中心,,[内至二环]江汉区长江大道与建设大道交汇处（青年路59号）,,,,,,,,http://huanmaozhongxinwh.fang.com/,,,,,,,,,,,,,,,,,标准写字楼,,,,,,在售,,35000,,
,江汉区,武汉天街资本中心,,[二至中环]江汉区金家墩特1号(市博物馆对面),,,,,,,,http://tianjiezibenzhongxin.fang.com/,,,,,,,,,,,,,,,,,标准写字楼,,,,,,在售,,18000,,
,江汉区,金雅大厦,,[二至中环]江汉区新湾一路与常青三路交汇处（武汉市中级法院旁）,,,,,,,,http://jinyadasha.fang.com/,,,,,,,,,,,,,,,,,标准写字楼,,,,,,在售,,12500,,
,江汉区,,,[二至中环]江汉区新湾一路与常青三路交汇处（武汉市中级法院旁）,,,,,,,,http://jinyadasha.fang.com/,,,,,,,,,,,,,,,,,标准写字楼,,,,,,在售,,,,
,江汉区,海马中心,,[内至二环]江汉区青年路与后襄河北路交汇处（市博物馆与后襄河公园边）,,,,,,,,http://haimazhongxin.fang.com/027/,,,,,,,,,,,,,,,,,标准写字楼,,,,,,在售,,18500,,
,江汉区,世纪中心,,[内环以内]江汉区沿江大道武汉关旁(地铁2号线江汉路站附近),,,,,,,,http://shijizhongxin027.fang.com/,,,,,,,,,,,,,,,,,标准写字楼,,,,,,在售,,23000,,
,江汉区,壹号天地,,[内至二环]江汉区长江日报路与菱角湖路交汇处（地铁3号线菱角湖站）,,,,,,,,http://yihaotiandi.fang.com/,,,,,,,,,,,,,,,,,市场类商铺,,,,,,在售,,50000,,
,江汉区,泛海时代中心,,[内至二环]江汉区武汉中央商务区商务东路和珠江路交汇处,,,,,,,,http://fanhaishidaizhongxin.fang.com/,"写字楼商铺,品牌地产",,,,,,,,,,,,,,,,标准写字楼,,,,,,待售,,价格待定,,
,武昌区,联发国际大厦,,[内环以内]武昌区徐东大街汪家墩(湖北银行旁),,,,,,,,http://lianfaguojidasha.fang.com/,,,,,,,,,,,,,,,,,标准写字楼,,,,,,在售,,25000,,
,武昌区,旭辉武昌大厦,,[内环以内]武昌区中山路（区政府旁）,,,,,,,,http://guojidashafh.fang.com/,总部园区,,,,,,,,,,,,,,,,标准写字楼,,,,,,待售,,价格待定,,
,武昌区,东湖国贸中心,,[内至二环]武昌区欢乐大道一号（地铁4号线岳家嘴站D出口）,,,,,,,,http://guomaozhongxindh.fang.com/,现房,,,,,,,,,,,,,,,,标准写字楼,,,,,,待售,,价格待定,,
,武昌区,中南汇,,[内环以内]武昌区中南路18号（中南路与中南二路交汇处）,,,,,,,,http://zhongnanhui.fang.com/,标准写字楼,,,,,,,,,,,,,,,,普通住宅,,,,,,待售,,价格待定,,
,武昌区,中南欢乐汇,,[内环以内]武昌区中南路丁字桥4号线梅苑小区站C出口东行100米(中建三局大楼南面),,,,,,,,http://zhongnanhuanlehui.fang.com/,"小户型,地铁沿线",,,,,,,,,,,,,,,,商住楼,,,,,,待售,,价格待定,,
,武昌区,融侨城丰盛汇孔子街,,[内至二环]武昌区和平大道铁机路西侧（铁机路余家头站旁）,,,,,,,,http://rongqiaocheng027.fang.com/shop/,"地铁沿线,复合地产",,,,,,,,,,,,,,,,住宅底商,,,,,,租售,,价格待定,,
,武昌区,君临国际,,[内环以内]武昌区徐东大街与友谊大道交汇处（销品茂旁）,,,,,,,,http://junlinguoji027.fang.com/shop/,,,,,,,,,,,,,,,,,购物中心,,,,,,待售,,价格待定,,
,武昌区,汉街总部国际万达尊写字楼,,[内至二环]武昌区中北路171号周家大湾车站武汉中央文化区展示区,,,,,,,,http://wandazunhjzb.fang.com/office/,,,,,,,,,,,,,,,,,标准写字楼,,,,,,待售,,价格待定,,
,经济开发区,联投金色港湾锦绣,,[三至四环]经济开发区博学路6号(江大5号门斜对面),,,,,,,,http://jinsegangwanjinxiult.fang.com/,"花园洋房,品牌地产",,,,,,,,,,,,,,,,普通住宅,,,,,,待售,,11600,,
,经济开发区,联投金色港湾Hi购,,[中环以外]经济开发区博学路6号(江大5号门斜对面),,,,,,,,http://higoultjsgw.fang.com/shop/,品牌地产,,,,,,,,,,,,,,,,住宅底商,,,,,,在售,,40000,,
,经济开发区,华中智谷,,[中环以外]经济开发区芙蓉路1号（新新人家小区对面）,,,,,,,,http://huazhongzhigu.fang.com/,,,,,,,,,,,,,,,,,标准写字楼,,,,,,在售,,9000,,
,经济开发区,武汉建工科技中心,,[三至四环]经济开发区武汉市经济技术开发区沌阳大道409号（地铁3号线沌阳大道站旁）,,,,,,,,http://whjgkjzx.fang.com/office/,,,,,,,,,,,,,,,,,标准写字楼,,,,,,待售,,价格待定,,
,经济开发区,经开官湖澜岸,,[四环以外]经济开发区后官湖大道与枫树三路交汇约200米处,,,,,,,,http://guanhulanjunjk.fang.com/,,,,,,,,,,,,,,,,,普通住宅,,,,,,待售,,价格待定,,
,经济开发区,碧桂园麓湖郡,,[四环以外]经济开发区枫树四路与枫树北路交叉口（开发区四中对面）,,,,,,,,http://luhujunbgy.fang.com/,,,,,,,,,,,,,,,,,普通住宅,,,,,,待售,,价格待定,,
,经济开发区,华中中交城,,[三至四环]经济开发区春晓路与海棠路交汇处（经开永旺旁）,,,,,,,,http://zhongjiaochenghz.fang.com/,,,,,,,,,,,,,,,,,标准写字楼,,,,,,待售,,价格待定,,
,硚口区,天宇盛世滨江商业街,,[内至二环]硚口区沿河大道与崔家墩路交汇处(硚口区政府旁),,,,,,,,http://tianyushengshibinjiang.fang.com/shop/,,,,,,,,,,,,,,,,,住宅底商,,,,,,在售,,45000,,
,硚口区,美好名流汇商铺,,[二至三环]硚口区解放大道辛家地（中百仓储旁）,,,,,,,,http://meihaomingliuhui.fang.com/shop/,,,,,,,,,,,,,,,,,住宅底商,,,,,,在售,,35000,,
,硚口区,古田之星嬉空间,,[二至三环]硚口区解放大道与古田二路交汇处（古田二路轻轨站旁）,,,,,,,,http://gutianzhixingxkj.fang.com/,地铁沿线,,,,,,,,,,,,,,,,市场类商铺,,,,,,在售,,21000,,
,硚口区,葛洲坝国际中心,,[内至二环]硚口区硚口路158号（葛洲坝大厦斜对面）,,,,,,,,http://guojizhongxingzb.fang.com/,,,,,,,,,,,,,,,,,标准写字楼,,,,,,在售,,20000,,
,硚口区,天宇万象国际2期,,[二至三环]硚口区古田二路与长升路交汇处（长丰小学对面）,,,,,,,,http://wanxiangguojity.fang.com/2/,,,,,,,,,,,,,,,,,普通住宅,,,,,,待售,,价格待定,,
,硚口区,招商江湾国际商铺,,[二至三环]硚口区解放大道与古田二路交汇处（距离古田二路轻轨站900米）,,,,,,,,http://jiangwanguojizs.fang.com/shop/,"购物中心,品牌地产",,,,,,,,,,,,,,,,住宅底商,,,,,,待售,,40000,,
,硚口区,海联时代广场写字楼,,[二至三环]硚口区长升路与丰茂路交汇处（三江航天酒店对面）,,,,,,,,http://shidaiguangchanghl027.fang.com/office/,,,,,,,,,,,,,,,,,标准写字楼,,,,,,在售,,12000,,
,黄陂区,翰林公馆,,[三至四环]黄陂区巨龙大道黄陂一中旁（恒大名都小区对面）,,,,,,,,http://hanlingongguan027.fang.com/,,,,,,,,,,,,,,,,,普通住宅,,,,,,待售,,价格待定,,
,黄陂区,泰合四千院,,[中环以外]黄陂区木兰湖风景区牌楼街与演武街交汇处西200米（木兰湖码头左侧）,,,,,,,,http://siqianyuanth.fang.com/,"水景地产,特色别墅",,,,,,,,,,,,,,,,别墅,,,,,,在售,,4000,,
,黄陂区,木兰水天,,[中环以外]黄陂区塔耳岗镇丰天大道（七星岛酒店对面）,,,,,,,,http://mulanshuitian.fang.com/,"水景地产,宜居生态地产",,,,,,,,,,,,,,,,别墅,,,,,,在售,,10000,,
,黄陂区,自由半岛,,[四环以外]黄陂区木兰丰天大道特一号（木兰湖边）,,,,,,,,http://ziyoubandao.fang.com/,"住宅底商,湖景地产",,,,,,,,,,,,,,,,联排,,,,,,在售,,13300,,
,黄陂区,南德国际城,,[四环以外]黄陂区百泰路与百秀街交汇处（人民医院对面）,,,,,,,,http://guojichengnd.fang.com/,品牌地产,,,,,,,,,,,,,,,,普通住宅,,,,,,在售,,9500,,
,黄陂区,中部国际物联港公寓,,[中环以外]黄陂区汉口北轻轨首站滠口街方向200米环湖路（汉北水晶城旁）,,,,,,,,http://taogongyuzhc.fang.com/,,,,,,,,,,,,,,,,,商住公寓,,,,,,在售,,7500,,
,黄陂区,武汉万象城,,[中环以外]黄陂区前川街钓台道和百秀街交汇处（人民医院对面）,,,,,,,,http://wanxiangchengwh.fang.com/,低密居所,,,,,,,,,,,,,,,,普通住宅,,,,,,在售,,15000,,
,黄陂区,板桥逸景,,[中环以外]黄陂区板桥大道与岱黄高速交汇处 （黄陂六中对面）,,,,,,,,http://banqiaoyijing.fang.com/,,,,,,,,,,,,,,,,,普通住宅,,,,,,在售,,9000,,
,黄陂区,金阳南山里,,[三至四环]黄陂区盘龙大道与甲宝山路交汇口处（机场线盘龙城站附近）,,,,,,,,http://nanshanlijy.fang.com/,低密居所,,,,,,,,,,,,,,,,花园洋房,,,,,,在售,,9300,,
,黄陂区,西寺学府,,[四环以外]黄陂区前川街道西寺大道,,,,,,,,http://xisixuefu.fang.com/,,,,,,,,,,,,,,,,,商住楼,,,,,,在售,,6000,,
,黄陂区,,,[四环以外]黄陂区前川街道西寺大道,,,,,,,,http://xisixuefu.fang.com/,,,,,,,,,,,,,,,,,商住楼,,,,,,在售,,,,
,黄陂区,东方城,,[三至四环]黄陂区汉施公路与巨龙大道交汇处（武湖政务中心前行300米）,,,,,,,,http://dongfangchengbl.fang.com/,,,,,,,,,,,,,,,,,商住楼,,,,,,待售,,价格待定,,
,黄陂区,汉口北卓尔生活城,,[中环以外]黄陂区盘龙城汉口北大道特1号（岱黄高速公路与巨龙大道交汇处）,,,,,,,,http://zhuoershenghuochenghkb.fang.com/,,,,,,,,,,,,,,,,,普通住宅,,,,,,待售,,价格待定,,
,黄陂区,万基国际广场,,[中环以外]黄陂区木兰大道与钓台道交汇处,,,,,,,,http://wanjiguojiguangchang.fang.com/,"商住公寓,地铁沿线",,,,,,,,,,,,,,,,普通住宅,,,,,,待售,,价格待定,,
,黄陂区,武汉恒大龙城,,[三至四环]黄陂区巨龙大道与兴龙路交汇旁（地铁2号线宋家岗站A出口）,,,,,,,,http://hangtianlongcheng.fang.com/,"花园洋房,复合地产",,,,,,,,,,,,,,,,普通住宅,,,,,,待售,,价格待定,,
,黄陂区,汉北玺园,,[中环以外]黄陂区汉口北大道东端南侧（汉口北大道胜海站）,,,,,,,,http://hanbeixiyuan.fang.com/,,,,,,,,,,,,,,,,,普通住宅,,,,,,待售,,价格待定,,
,黄陂区,万博玖珑湾,,[三至四环]黄陂区盘龙城盘龙大道甲宝山路（汤仁海湖东侧）,,,,,,,,http://jiulongwanwb.fang.com/,低密居所,,,,,,,,,,,,,,,,普通住宅,,,,,,待售,,价格待定,,
,黄陂区,盘龙广场,,[中环以外]黄陂区盘龙城巨龙大道39号（香奈天鹅湖旁）,,,,,,,,http://panlongguangchang.fang.com/,经济住宅,,,,,,,,,,,,,,,,普通住宅,,,,,,待售,,价格待定,,
,黄陂区,尚璟瑞府,,[三至四环]黄陂区临空新城兴龙路与宋家岗东路交汇处（2号线航空总部站700米处）,,,,,,,,http://shangjingyuefu.fang.com/,地铁沿线,,,,,,,,,,,,,,,,普通住宅,,,,,,待售,,价格待定,,
,黄陂区,兰江公园里,,[中环以外]黄陂区盘龙经济开发区汤云海路特1号（汤云海路与盘龙大道交汇处）,,,,,,,,http://gongyuanlilj.fang.com/,,,,,,,,,,,,,,,,,普通住宅,,,,,,待售,,价格待定,,
,黄陂区,合融清华源,,[中环以外]黄陂区钓台道与木兰大街交汇处（客运中心旁）,,,,,,,,http://qinghuayuanhr.fang.com/,,,,,,,,,,,,,,,,,普通住宅,,,,,,待售,,价格待定,,
,江夏区,当代云城,,[三至四环]江夏区江夏大道与邬树街交汇处（距罗马春天奥特莱斯100米）,,,,,,,,http://dangdaiyuncheng.fang.com/,,,,,,,,,,,,,,,,,普通住宅,,,,,,在售,,11500,,
,江夏区,加州橘郡别墅,,[中环以外]江夏区江夏大道77号（武汉外校美加分校旁）,,,,,,,,http://jiazhoujujun.fang.com/,"湖景地产,宜居生态地产",,,,,,,,,,,,,,,,别墅,,,,,,待售,,价格待定,,
,江夏区,中建汤逊湖壹号高层,,[三至四环]江夏区汤逊湖红旗岛（文化大道与金樱街交汇处向东1000米）,,,,,,,,http://tangxunhuyihaozj.fang.com/,"特色别墅,宜居生态地产",,,,,,,,,,,,,,,,普通住宅,,,,,,待售,,价格待定,,
,江夏区,江南新天地,,[中环以外]江夏区珞狮南路延长线文化大道（华师汉口分校南行200米）,,,,,,,,http://xintiandijn.fang.com/,大平层,,,,,,,,,,,,,,,,普通住宅,,,,,,待售,,价格待定,,
,江夏区,惠风同庆花园蜜糖镇,,[三至四环]江夏区灵杰路与康魅路交汇处（长咀工业园旁）,,,,,,,,http://mitangzhenhf.fang.com/,,,,,,,,,,,,,,,,,普通住宅,,,,,,待售,,价格待定,,
,江夏区,伊托邦麓山郡,,[中环以外]江夏区五里界锦绣大道1号（五里界大道和伊托邦大道交汇处）,,,,,,,,http://lushanjunytb.fang.com/,低密居所,,,,,,,,,,,,,,,,别墅,,,,,,待售,,价格待定,,
,江夏区,瑞和华府,,[中环以外]江夏区栗庙大道11号（湖北美院旁）,,,,,,,,http://ruihehuafu.fang.com/,湖景地产,,,,,,,,,,,,,,,,普通住宅,,,,,,待售,,价格待定,,
,江夏区,宜化星都汇,,[中环以外]江夏区文化大道西侧（大桥新区办事处西北侧）,,,,,,,,http://xingdouhuiyh.fang.com/,花园洋房,,,,,,,,,,,,,,,,普通住宅,,,,,,待售,,价格待定,,
,江夏区,广信万汇城,,[三至四环]江夏区庙山办事处江夏大道14号（武昌理工学院旁）,,,,,,,,http://wanhuichenggx.fang.com/,品牌地产,,,,,,,,,,,,,,,,普通住宅,,,,,,待售,,价格待定,,
,江夏区,藏龙SOHO,,[三至四环]江夏区栗庙路与环岛路交汇处（湖北美院对面）,,,,,,,,http://canglongsoho.fang.com/,小户型,,,,,,,,,,,,,,,,商住楼,,,,,,在售,,10000,,
,江夏区,,,[三至四环]江夏区栗庙路与环岛路交汇处（湖北美院对面）,,,,,,,,http://canglongsoho.fang.com/,小户型,,,,,,,,,,,,,,,,商住楼,,,,,,在售,,,,
,江夏区,保利清能西海岸商铺,,[中环以外]江夏区杨桥湖大道与栗庙路交汇处（华农楚天学院斜对面）,,,,,,,,http://xihaianblqn.fang.com/shop/,水景地产,,,,,,,,,,,,,,,,住宅底商,,,,,,在售,,价格待定,,
,江夏区,光谷伊托邦商业,,[中环以外]江夏区五里界锦绣大道1号（五里界大道和伊托邦大道交汇处）,,,,,,,,http://yituobanggg.fang.com/shop/,,,,,,,,,,,,,,,,,住宅底商,,,,,,待售,,价格待定,,
,江夏区,武汉研创中心,,[中环以外]江夏区杨桥湖大道与光谷大道交汇处（湖北经济学院对面）,,,,,,,,http://yanchuangzhongxinwh.fang.com/,,,,,,,,,,,,,,,,,标准写字楼,,,,,,在售,,9500,,
,江夏区,联投广场写字楼,,[中环以外]江夏区珞狮南路延长线文化大道3号（江夏区政府旁）,,,,,,,,http://liantouguangchang027.fang.com/,"品牌地产,地铁沿线",,,,,,,,,,,,,,,,标准写字楼,,,,,,在售,,价格待定,,
,江夏区,汤逊湖山庄泰和居,,[三至四环]江夏区庙山经济开发区汤逊湖山庄（城际铁路庙山站附近）,,,,,,,,http://tangxunhushanzhuang.fang.com/2/,,,,,,,,,,,,,,,,,普通住宅,,,,,,在售,,10500,,
,江夏区,青年公社,,[中环以外]江夏区庙山金龙大街(金龙大街汽车公园对面),,,,,,,,http://qingniangongshe027.fang.com/,低总价,,,,,,,,,,,,,,,,商住公寓,,,,,,待售,,价格待定,,
,江夏区,光谷青年汇,,[三至四环]江夏区光谷大道与藏龙北街交汇处（武汉传媒学院正对面）,,,,,,,,http://guangguqingnianhui.fang.com/,,,,,,,,,,,,,,,,,购物中心,,,,,,待售,,价格待定,,
,江夏区,鸿发世纪城商铺,,[中环以外]江夏区大道与沙羡街交汇处（世纪广场旁）,,,,,,,,http://shijichenghf.fang.com/shop/,,,,,,,,,,,,,,,,,住宅底商/社区商铺,,,,,,在售,,21000,,
,江夏区,九全嘉国际广场,,[中环以外]江夏区江夏大道与北华街交汇处（世纪广场对面）,,,,,,,,http://guojiguangchangjqj.fang.com/,地铁沿线,,,,,,,,,,,,,,,,购物中心,,,,,,在售,,13500,,
,江夏区,三和光谷道商铺,,[三至四环]江夏区光谷大道与高新六路交汇处（藏龙会所对面）,,,,,,,,http://sanheguanggudaoshangpu.fang.com/,,,,,,,,,,,,,,,,,住宅底商/社区商铺,,,,,,在售,,30000,,
,蔡甸区,杰翔运铎嘉园,,[四环以外]蔡甸区汉阳大街北段（中百超市旁）,,,,,,,,http://yunduojiayuanjx.fang.com/,,,,,,,,,,,,,,,,,普通住宅,,,,,,待售,,价格待定,,
,蔡甸区,天下左岸春天,,[中环以外]蔡甸区同心路(同心广场对面),,,,,,,,http://zuoanchuntiantx.fang.com/,,,,,,,,,,,,,,,,,普通住宅,,,,,,待售,,价格待定,,
,蔡甸区,三和名仕城,,[四环以外]蔡甸区汤家台特1号（襄河堤旁）,,,,,,,,http://mingshichengsh.fang.com/,低密居所,,,,,,,,,,,,,,,,普通住宅,,,,,,待售,,价格待定,,
,蔡甸区,颐禾郡,,[四环以外]蔡甸区奓山街318国道南侧（星光豪威酒店对面）,,,,,,,,http://yihejun027.fang.com/,低密居所,,,,,,,,,,,,,,,,普通住宅,,,,,,待售,,价格待定,,
,蔡甸区,人民武汉国际汽车城,,[中环以外]蔡甸区东风大道延长线与福康路交汇处（常福工业园附近）,,,,,,,,http://renminwuhanguojiqichecheng.fang.com/,,,,,,,,,,,,,,,,,购物中心,,,,,,在售,,13000,,
,蔡甸区,三和剑桥城蒂芙尼街区,,[四环以外]蔡甸区蔡甸区蔡甸大街和西环路交汇处（汉阳一中旁）,,,,,,,,http://sanhejianqiaocheng.fang.com/,,,,,,,,,,,,,,,,,住宅底商,,,,,,在售,,32000,,
,蔡甸区,中国健康谷健康新天地,,[中环以外]蔡甸区汉阳大道（同济健康谷公交站旁）,,,,,,,,http://jiankangxintiandijkgzg.fang.com/,,,,,,,,,,,,,,,,,购物中心,,,,,,待售,,40000,,
,蔡甸区,光华御江湾,,[四环以外]蔡甸区工农路与茂林街交汇处（光华欣居旁）,,,,,,,,http://yujiangwangh.fang.com/,,,,,,,,,,,,,,,,,普通住宅,,,,,,待售,,价格待定,,
,蔡甸区,武汉院子,,[四环以外]蔡甸区东风大道以西小奓湖北岸,,,,,,,,http://wuhanyuanzickth.fang.com/,,,,,,,,,,,,,,,,,别墅,,,,,,待售,,价格待定,,
,蔡甸区,华中文谷知音盛棠,,[四环以外]蔡甸区武汉中法生态城后官湖绿道,,,,,,,,http://hzwgzyst.fang.com/villa/,,,,,,,,,,,,,,,,,别墅,,,,,,待售,,价格待定,,
,蔡甸区,,,[四环以外]蔡甸区武汉中法生态城后官湖绿道,,,,,,,,http://hzwgzyst.fang.com/villa/,,,,,,,,,,,,,,,,,别墅,,,,,,待售,,,,
,蔡甸区,碧桂园忆西湖,,[四环以外]蔡甸区蔡甸·玉贤·西湖畔,,,,,,,,http://yixihubgy027.fang.com/,,,,,,,,,,,,,,,,,别墅,,,,,,待售,,价格待定,,
,蔡甸区,金地中法仟佰汇,,[四环以外]蔡甸区汉阳大道与五贤北路交汇处（欧尚超市旁）,,,,,,,,http://zhongfaqianbaihuijd.fang.com/,,,,,,,,,,,,,,,,,商住楼,,,,,,待售,,价格待定,,
,蔡甸区,状元府,,[四环以外]蔡甸区蔡甸大街与公园路交汇处,,,,,,,,http://zhuangyuanfu027.fang.com/,花园洋房,,,,,,,,,,,,,,,,普通住宅,,,,,,待售,,价格待定,,
,蔡甸区,万龙中心,,[四环以外]蔡甸区中核世纪广场旁,,,,,,,,http://wanlongzhongxin.fang.com/,,,,,,,,,,,,,,,,,商住楼,,,,,,待售,,价格待定,,
,东湖高新区,光谷万科中心,,[二至三环]东湖高新区雄楚大道1008号（关山中学旁）,,,,,,,,http://wankezhongxingg.fang.com/,品牌地产,,,,,,,,,,,,,,,,标准写字楼,,,,,,在售,,18000,,
,东湖高新区,光谷新世界T1,,[二至中环]东湖高新区关山大道349号,,,,,,,,http://guangguxinshijie.fang.com/office/,"品牌地产,复合地产",,,,,,,,,,,,,,,,标准写字楼,,,,,,出租,,价格待定,,
,东湖高新区,南山光谷自贸港,,[三至四环]东湖高新区流芳高新六路99号,,,,,,,,http://nsggzmg.fang.com/,"总部园区,创意地产",,,,,,,,,,,,,,,,标准写字楼,,,,,,出租,,40,,
,东湖高新区,中建大公馆,,[二至三环]东湖高新区关山大道与南湖大道交汇处（光谷软件园对面）,,,,,,,,http://dagongguanzj027.fang.com/,,,,,,,,,,,,,,,,,普通住宅,,,,,,待售,,价格待定,,
,东湖高新区,亿达光谷大观,,[三至四环]东湖高新区花城大道9号(软件新城公交站旁),,,,,,,,http://guanggudaguanyd.fang.com/,"花园洋房,湖景地产",,,,,,,,,,,,,,,,普通住宅,,,,,,待售,,价格待定,,
,东湖高新区,世界城香榭丽舍,,[二至三环]东湖高新区光谷步行街关山大道口,,,,,,,,http://xiangxielishesjc.fang.com/,,,,,,,,,,,,,,,,,普通住宅,,,,,,待售,,价格待定,,
,东湖高新区,联投光谷瑞园,,[三至四环]东湖高新区大长山路与夏芒路交汇处,,,,,,,,http://guangguruiyuanlt.fang.com/,"花园洋房,品牌地产",,,,,,,,,,,,,,,,普通住宅,,,,,,待售,,价格待定,,
,东湖高新区,红枫金座,,[二至中环]东湖高新区关山大道与纺织路路口交汇处（武汉职业技术学院对面）,,,,,,,,http://hongfengjinzuo.fang.com/,,,,,,,,,,,,,,,,,购物中心,,,,,,待售,,价格待定,,
,东湖高新区,东湖高新花城汇,,[中环以外]东湖高新区花城大道与常家山路交汇处（花山生态艺术馆旁）,,,,,,,,http://huahuichengdhgx.fang.com/,"品牌地产,豪华居住区",,,,,,,,,,,,,,,,写字楼商铺,,,,,,待售,,价格待定,,
,东湖高新区,天祥尚府尚街,,[中环以外]东湖高新区民族大道与庙山中路交汇处以西1公里（湿地公园旁）,,,,,,,,http://tianxiangshangfu.fang.com/shop/,低密居所,,,,,,,,,,,,,,,,住宅底商,,,,,,待售,,26500,,
,东湖高新区,,,[中环以外]东湖高新区民族大道与庙山中路交汇处以西1公里（湿地公园旁）,,,,,,,,http://tianxiangshangfu.fang.com/shop/,低密居所,,,,,,,,,,,,,,,,住宅底商,,,,,,待售,,,,
,东湖高新区,光谷国际人才港,,[三至四环]东湖高新区高新大道与高科园二路交汇处,,,,,,,,http://guojirencaiganggg.fang.com/,,,,,,,,,,,,,,,,,购物中心,,,,,,待售,,价格待定,,
,东湖高新区,光谷金融中心,,[三至四环]东湖高新区高新大道与光谷三路交汇处,,,,,,,,http://guanggujinrongzhongxin.fang.com/,"酒店写字楼,创意地产",,,,,,,,,,,,,,,,标准写字楼,,,,,,租售,,价格待定,,
,东湖高新区,北辰光谷里,,[二至三环]东湖高新区高新二路凌兰路（光谷天地旁）,,,,,,,,http://guanggulibc.fang.com/office/,品牌地产,,,,,,,,,,,,,,,,商住楼,,,,,,待售,,价格待定,,
,东湖高新区,光谷物联港,,[三至四环]东湖高新区大学园路31号,,,,,,,,http://wulianganggg.fang.com/,,,,,,,,,,,,,,,,,标准写字楼,,,,,,待售,,价格待定,,
,东湖高新区,光谷鼎创国际,,[二至三环]东湖高新区光谷大道与三环线交汇处,,,,,,,,http://ggcxcyjd.fang.com/,"品牌地产,地铁沿线",,,,,,,,,,,,,,,,总部园区,,,,,,待售,,价格待定,,
,东湖高新区,保利天悦中心,,[二至三环]东湖高新区关山大道332号,,,,,,,,http://tianyuezhongxinbl.fang.com/,,,,,,,,,,,,,,,,,标准写字楼,,,,,,待售,,价格待定,,
,东湖高新区,国采中心,,[三至四环]东湖高新区高新大道与光谷六路交汇处（东湖高新管委会旁）,,,,,,,,http://guocaizhongxin.fang.com/,,,,,,,,,,,,,,,,,标准写字楼,,,,,,待售,,价格待定,,
,洪山区,OVU创客星创意天地,,[二至三环]洪山区野芷湖西路16号创意天地2号高层办公楼,,,,,,,,http://ovuchuangkexingcytd.fang.com/office/,,,,,,,,,,,,,,,,,总部园区,,,,,,出租,,75,,
,洪山区,南湖九玺,,[二至三环]洪山区南湖雄楚大道与幸福路交汇处向南200米,,,,,,,,http://nanhujiuxi.fang.com/,花园洋房,,,,,,,,,,,,,,,,普通住宅,,,,,,待售,,25000,,
,洪山区,新力城,,[三至四环]洪山区南郊路与三环交汇处,,,,,,,,http://xinlicheng027.fang.com/,,,,,,,,,,,,,,,,,普通住宅,,,,,,待售,,价格待定,,
,洪山区,万隆广场,,[内环以内]洪山区白沙洲大道与司校路交汇处（公交白沙洲大道武泰闸站旁）,,,,,,,,http://wanlongguangchang027.fang.com/,,,,,,,,,,,,,,,,,购物中心,,,,,,租售,,32000,,
,洪山区,华中城,,[中环以外]洪山区白沙洲大道(G107)与黄陵庙路交汇处,,,,,,,,http://huazhongcheng027.fang.com/,,,,,,,,,,,,,,,,,市场类商铺,,,,,,在售,,20000,,
,洪山区,中建南湖壹号商铺,,[二至中环]洪山区洪山区珞狮路与雄楚大道交汇处（丽岛花园旁）,,,,,,,,http://nanhuyihaozj.fang.com/shop/,,,,,,,,,,,,,,,,,住宅底商,,,,,,待售,,价格待定,,
,洪山区,香水湾商铺,,[二至三环]洪山区白沙洲武汉科技大学正对面（白沙洲大道旁）,,,,,,,,http://xiangshuiwan027.fang.com/shop/,,,,,,,,,,,,,,,,,住宅底商,,,,,,待售,,价格待定,,
,洪山区,融创智谷,,[三至四环]洪山区文化大道555号（三环线与文化大道交汇处）,,,,,,,,http://rongchuangzhigu.fang.com/,企业独栋,,,,,,,,,,,,,,,,总部园区,,,,,,待售,,价格待定,,
,东西湖区,中建壹品澜湾壹品红街,,[三至四环]东西湖区沿海赛洛城南路（北大附中以南）,,,,,,,,http://yipinhongjiezjyplw.fang.com/shop/,品牌地产,,,,,,,,,,,,,,,,住宅底商,,,,,,待售,,价格待定,,
,东西湖区,威天驾控运动基地,,[四环以外]东西湖区东西湖区革新大道与新胜路交叉口（首拓物流园旁）,,,,,,,,http://jiakongyundongjidiwt.fang.com/shop/,,,,,,,,,,,,,,,,,市场类商铺,,,,,,出租,,价格待定,,
,汉阳区,保和墨水湾湖境廷,,[二至三环]汉阳区武汉市汉阳区江堤中路与三里坡路交汇处(墨水湖东岸),,,,,,,,http://bhmswhjt.fang.com/villa/,,,,,,,,,,,,,,,,,别墅,,,,,,在售,,38000,,
,汉阳区,碧桂园晴川府,,[内至二环]汉阳区滨江大道186号（晴川阁南行约800米）,,,,,,,,http://qingchuangfubgy.fang.com/,"住宅底商,品牌地产",,,,,,,,,,,,,,,,大平层,,,,,,待售,,价格待定,,
,汉阳区,碧桂园优璞城,,[二至三环]汉阳区武汉市四新大道与龙阳大道交汇处(地铁3号线四新大道站D出口）,,,,,,,,http://youpuchengbgy.fang.com/,,,,,,,,,,,,,,,,,普通住宅,,,,,,待售,,价格待定,,
,汉阳区,青年说,,[二至三环]汉阳区地铁3号线四新大道D出口200米左右,,,,,,,,http://qingnianshuo027.fang.com/,,,,,,,,,,,,,,,,,商住楼,,,,,,待售,,价格待定,,
,汉阳区,万科金域国际,,[内至二环]汉阳区汉阳大道和江城大道交汇处（地铁4号线五里墩站C出口）,,,,,,,,http://jinyuguojiwk027.fang.com/,,,,,,,,,,,,,,,,,普通住宅,,,,,,待售,,价格待定,,
,汉阳区,远洋东方境世界观,,[内环以内]汉阳区汉阳区翠微横路20号（归元大觉宾舍酒店旁临时接待中心 ）,,,,,,,,http://dongfangjingshijieguanyy.fang.com/,,,,,,,,,,,,,,,,,商住楼,,,,,,待售,,价格待定,,
,汉阳区,招商樾望,,[二至三环]汉阳区四新北路与芳草路交汇处（汉阳麦德龙旁）,,,,,,,,http://zhaoshangyuewang.fang.com/,,,,,,,,,,,,,,,,,商住楼,,,,,,待售,,价格待定,,
,汉阳区,佳兆业滨江里,,[二至三环]汉阳区琴台大道古田桥旁（琴台大道郭家湾车站附近）,,,,,,,,http://jiazhaoyebinjiangli.fang.com/shop/,,,,,,,,,,,,,,,,,住宅底商,,,,,,待售,,20000,,
,汉阳区,钰龙旭辉半岛U天地,,[二至三环]汉阳区墨水湖北路与汉桥路交汇处向南800米,,,,,,,,http://ylxhbdutd.fang.com/shop/,,,,,,,,,,,,,,,,,住宅底商,,,,,,待售,,价格待定,,
,黄陂区,金凤东城,,[中环以外]黄陂区前川大道与滠河街交汇处（前川大道35号汽校隔壁五小对面）,,,,,,,,http://jinfengdongcheng.fang.com/,,,,,,,,,,,,,,,,,商住公寓,,,,,,待售,,价格待定,,
,黄陂区,长江凯旋城,,[中环以外]黄陂区汉施公路与发展路交汇处三环线以东（汉施公路发展路公交站旁）,,,,,,,,http://changjiangkaixuancheng.fang.com/,"地铁沿线,经济住宅",,,,,,,,,,,,,,,,普通住宅,,,,,,待售,,价格待定,,
,黄陂区,聚龙花园衡山公馆,,[三至四环]黄陂区横山小路（第一医院盘龙城分院康复中心对面）,,,,,,,,http://jlhyhsgg027.fang.com/,"低密居所,豪华居住区",,,,,,,,,,,,,,,,别墅,,,,,,在售,,17000,,
,黄陂区,盘龙理想世家,,[三至四环]黄陂区巨龙大道52号（中百仓储向东1公里处）,,,,,,,,http://lixiangshijiapl.fang.com/,,,,,,,,,,,,,,,,,普通住宅,,,,,,待售,,价格待定,,
,黄陂区,新力帝泊湾,,[四环以外]黄陂区盘龙城巨龙大道与兴龙路交汇处（华师附小旁）,,,,,,,,http://dibowanxl027.fang.com/,"品牌地产,地铁沿线",,,,,,,,,,,,,,,,普通住宅,,,,,,待售,,价格待定,,
,黄陂区,保合太和,,[三至四环]黄陂区盘龙大道与汤仁海路交汇处（地铁2号线盘龙城站出口处）,,,,,,,,http://baohetaihe.fang.com/,,,,,,,,,,,,,,,,,花园洋房,,,,,,待售,,10000,,
,黄陂区,御景国际,,[三至四环]黄陂区汉口北大道新十公路特1号（解放大道延长线）,,,,,,,,http://yujingguojilf.fang.com/,,,,,,,,,,,,,,,,,普通住宅,,,,,,待售,,价格待定,,
,黄陂区,汉口湖畔商铺,,[中环以外]黄陂区盘龙城经济开发区楚天大道（F、天下旁）,,,,,,,,http://hankouhupan.fang.com/shop/,,,,,,,,,,,,,,,,,住宅底商,,,,,,在售,,25000,,
,黄陂区,前川欣城商铺,,[中环以外]黄陂区前川大道463号(前川大道与石阳街交汇处),,,,,,,,http://qianchuanxincheng.fang.com/shop/,,,,,,,,,,,,,,,,,住宅底商,,,,,,在售,,23000,,
,黄陂区,华中企业城金寓商业街,,[中环以外]黄陂区汉口北大道16号(华中企业城附近),,,,,,,,http://hkbxdgyy.fang.com/,,,,,,,,,,,,,,,,,住宅底商,,,,,,在售,,12000,,
,黄陂区,,,[中环以外]黄陂区汉口北大道16号(华中企业城附近),,,,,,,,http://hkbxdgyy.fang.com/,,,,,,,,,,,,,,,,,住宅底商,,,,,,在售,,,,
,黄陂区,中部国际物联港商铺,,[中环以外]黄陂区汉口北大道四季美农贸城东50米（汉口北水晶城北向200米）,,,,,,,,http://chuangkezhongxinwh.fang.com/shop/,"商住公寓,地铁沿线",,,,,,,,,,,,,,,,市场类商铺,,,,,,在售,,18000,,
,黄陂区,美好名流人和天地,,[二至三环]黄陂区经济开发区巨龙大道88号（中百仓储旁）,,,,,,,,http://renhetiandiml027.fang.com/shop/,市场类商铺,,,,,,,,,,,,,,,,购物中心,,,,,,在售,,12000,,
,黄陂区,隆汇国贸中心,,[四环以外]黄陂区双凤大道与百锦街交汇处,,,,,,,,http://longhuiguomaozhongxin.fang.com/,,,,,,,,,,,,,,,,,购物中心,,,,,,在售,,45000,,
,黄陂区,新纪元艺墅庄园,,[中环以外]黄陂区武湖五七路北（农耕年华隔壁）,,,,,,,,http://yishuzhuangyuanxjy.fang.com/,"地铁沿线,特色别墅",,,,,,,,,,,,,,,,别墅,,,,,,待售,,价格待定,,
,黄陂区,畅汇怡景园,,[三至四环]黄陂区武汉市黄陂区武湖大道与梅教街交叉口西北,,,,,,,,http://changhuiyijingyuan.fang.com/,"地铁沿线,不限购",,,,,,,,,,,,,,,,普通住宅,,,,,,待售,,价格待定,,
,黄陂区,智谷天成,,[四环以外]黄陂区横店街道横店中学对面,,,,,,,,http://zhigutiancheng.fang.com/,,,,,,,,,,,,,,,,,商住楼,,,,,,待售,,价格待定,,
,黄陂区,尚璟瑞府商铺,,[三至四环]黄陂区临空新城兴龙路与宋家岗东路交汇处（航空总部站700米处）,,,,,,,,http://shangjingruifu.fang.com/shop/,地铁沿线,,,,,,,,,,,,,,,,住宅底商,,,,,,待售,,价格待定,,
,黄陂区,天纵城企业中心,,[三至四环]黄陂区盘龙城经济开发区巨龙大道（下岱黄高速右行即达）,,,,,,,,http://tianzongcheng.fang.com/office/,,,,,,,,,,,,,,,,,标准写字楼,,,,,,待售,,价格待定,,
